stock,timestamp,open,high,low,close,volume
AMZN,2025-08-01 19:45:00,214.9000,215.1500,214.8800,215.0900,42572
AMZN,2025-08-01 19:30:00,214.8500,214.9600,214.8500,214.9000,19798
AMZN,2025-08-01 19:15:00,214.9700,215.0000,214.8500,214.8500,18463
AMZN,2025-08-01 19:00:00,214.9681,215.0000,214.9000,214.9700,24502
AMZN,2025-08-01 18:45:00,214.9900,215.0000,214.8500,214.9700,45685
AMZN,2025-08-01 18:30:00,215.0700,215.1500,214.9600,214.9803,24606
AMZN,2025-08-01 18:15:00,215.0700,215.1500,215.0200,215.0700,20198
AMZN,2025-08-01 18:00:00,215.1200,215.1300,215.0500,215.0900,23739
AMZN,2025-08-01 17:45:00,215.0000,272.6347,199.3234,215.1200,41952
AMZN,2025-08-01 17:30:00,215.0500,272.6347,196.6162,272.6347,43481
AMZN,2025-08-01 17:15:00,214.9999,215.1000,214.9500,215.0500,55030
AMZN,2025-08-01 17:00:00,215.0800,215.1400,214.9200,214.9750,45247
AMZN,2025-08-01 16:45:00,215.0300,232.0200,214.7500,215.0500,90324
AMZN,2025-08-01 16:30:00,215.1399,215.2500,214.7500,215.0200,2081066
AMZN,2025-08-01 16:15:00,214.8500,215.8069,214.7500,215.1200,177555
AMZN,2025-08-01 16:00:00,214.8550,215.1250,213.8900,214.8500,15563837
AMZN,2025-08-01 15:45:00,214.9600,216.0000,214.7400,214.8550,6666660
AMZN,2025-08-01 15:30:00,214.8750,215.4100,214.4900,214.9646,2862756
AMZN,2025-08-01 15:15:00,214.6500,215.2200,214.6100,214.8750,2443723
AMZN,2025-08-01 15:00:00,214.5300,214.9900,214.4850,214.6501,2232011
AMZN,2025-08-01 14:45:00,215.1350,215.1653,214.2200,214.5499,2513701
AMZN,2025-08-01 14:30:00,214.2300,215.1700,214.1500,215.1350,3568798
AMZN,2025-08-01 14:15:00,212.8300,214.2900,212.8200,214.2492,2594002
AMZN,2025-08-01 14:00:00,213.6250,214.0600,212.8000,212.8380,3060228
AMZN,2025-08-01 13:45:00,214.1300,214.2500,213.4500,213.6300,2625883
AMZN,2025-08-01 13:30:00,214.3393,214.7600,213.8300,214.1300,2561081
AMZN,2025-08-01 13:15:00,214.8400,214.9446,214.0100,214.3400,2613312
AMZN,2025-08-01 13:00:00,214.8700,215.2100,214.3900,214.8500,2632161
AMZN,2025-08-01 12:45:00,215.6000,215.8600,214.8100,214.8700,2525250
AMZN,2025-08-01 12:30:00,216.0500,216.2500,215.4900,215.6056,2097959
AMZN,2025-08-01 12:15:00,215.7100,216.3300,215.6401,216.0600,2433064
AMZN,2025-08-01 12:00:00,215.9100,216.4900,215.2800,215.7000,2874117
AMZN,2025-08-01 11:45:00,215.9950,216.3500,215.7300,215.9200,2279852
AMZN,2025-08-01 11:30:00,215.2793,216.0700,215.0900,215.9900,3112784
AMZN,2025-08-01 11:15:00,216.0150,216.1699,215.1900,215.2750,4517591
AMZN,2025-08-01 11:00:00,216.3600,216.5550,215.7300,216.0299,5879876
AMZN,2025-08-01 10:45:00,218.1600,218.4150,216.1100,216.3600,4205740
AMZN,2025-08-01 10:30:00,219.0950,219.6400,217.9401,218.1408,3671723
AMZN,2025-08-01 10:15:00,219.3900,220.2800,217.0000,219.0950,4336273
AMZN,2025-08-01 10:00:00,218.4300,219.9700,215.8700,219.3950,6077348
AMZN,2025-08-01 09:45:00,219.6200,220.4399,217.7800,218.4174,6909103
AMZN,2025-08-01 09:30:00,217.2100,220.3000,215.2500,219.6000,17294571
AMZN,2025-08-01 09:15:00,217.1600,234.1100,216.4000,217.0200,1312341
AMZN,2025-08-01 09:00:00,216.0650,217.3000,215.2100,217.0300,625219
AMZN,2025-08-01 08:45:00,217.1600,217.1600,215.5500,216.1100,367745
AMZN,2025-08-01 08:30:00,215.6000,217.4000,215.0500,217.1000,781028
AMZN,2025-08-01 08:15:00,214.9500,234.1100,214.8300,215.5400,369619
AMZN,2025-08-01 08:00:00,216.1300,234.1100,213.6600,214.9500,1179848
AMZN,2025-08-01 07:45:00,214.7800,216.0000,214.7100,215.8700,217812
AMZN,2025-08-01 07:30:00,216.2100,216.3600,214.6200,214.8000,248862
AMZN,2025-08-01 07:15:00,215.8900,216.3700,215.5100,216.2100,108947
AMZN,2025-08-01 07:00:00,215.5900,216.5000,215.4300,215.9000,191384
AMZN,2025-08-01 06:45:00,215.2400,215.7500,214.5200,215.4600,88335
AMZN,2025-08-01 06:30:00,216.1300,216.1500,215.1000,215.2000,58600
AMZN,2025-08-01 06:15:00,216.4300,216.5000,215.7800,216.1000,52283
AMZN,2025-08-01 06:00:00,216.3600,216.6000,215.7000,216.5000,70877
AMZN,2025-08-01 05:45:00,216.4600,216.5200,216.2400,216.3900,44323
AMZN,2025-08-01 05:30:00,215.5900,216.6000,215.5900,216.4900,94235
AMZN,2025-08-01 05:15:00,215.3600,215.9500,214.5200,215.5900,110301
AMZN,2025-08-01 05:00:00,215.2000,215.4900,214.8000,215.2600,74020
AMZN,2025-08-01 04:45:00,214.3400,215.4100,214.3000,215.1900,96002
AMZN,2025-08-01 04:30:00,215.5800,215.7400,213.6000,214.3300,203788
AMZN,2025-08-01 04:15:00,217.1100,217.1300,215.5400,215.5900,132896
AMZN,2025-08-01 04:00:00,229.5400,229.5400,215.9400,217.1500,219639
AMZN,2025-07-31 19:45:00,218.5700,219.0000,218.2301,218.6099,300201
AMZN,2025-07-31 19:30:00,218.7000,218.7800,218.3300,218.5400,155716
AMZN,2025-07-31 19:15:00,218.9500,219.0000,218.2000,218.7000,280366
AMZN,2025-07-31 19:00:00,219.3303,219.5000,217.9900,218.9500,320190
AMZN,2025-07-31 18:45:00,218.5000,219.3300,217.8800,219.3300,264023
AMZN,2025-07-31 18:30:00,218.6000,219.9900,217.7500,218.3600,462272
AMZN,2025-07-31 18:15:00,217.2900,218.5500,217.2100,218.5000,277797
AMZN,2025-07-31 18:00:00,216.2500,218.5500,216.2500,217.3000,826350
AMZN,2025-07-31 17:45:00,220.4250,220.9900,215.5000,216.2900,1677561
AMZN,2025-07-31 17:30:00,225.9000,225.9000,216.9000,220.3900,2375102
AMZN,2025-07-31 17:15:00,227.7700,233.4800,224.9400,225.8217,793455
AMZN,2025-07-31 17:00:00,229.1000,237.3327,219.5741,227.8500,643808
AMZN,2025-07-31 16:45:00,226.6800,234.1100,220.3740,229.1000,1014454
AMZN,2025-07-31 16:30:00,226.2700,234.1100,225.5995,226.7000,1559160
AMZN,2025-07-31 16:15:00,228.6500,234.6896,222.5300,226.0300,2961423
AMZN,2025-07-31 16:00:00,234.1000,242.0000,227.0000,228.6491,22711107
AMZN,2025-07-31 15:45:00,234.7500,235.1500,233.9500,234.1100,7855008
AMZN,2025-07-31 15:30:00,233.4800,234.8500,233.4707,234.7400,3304926
AMZN,2025-07-31 15:15:00,234.1500,234.1600,233.3800,233.4500,3014853
AMZN,2025-07-31 15:00:00,234.1700,234.4700,234.0000,234.1650,2078049
AMZN,2025-07-31 14:45:00,234.5400,234.6959,234.1000,234.1505,1688815
AMZN,2025-07-31 14:30:00,234.3600,235.0000,234.2900,234.5300,1776786
AMZN,2025-07-31 14:15:00,233.6300,234.4300,233.2000,234.3700,1994598
AMZN,2025-07-31 14:00:00,233.3100,234.1000,233.2950,233.6700,1584922
AMZN,2025-07-31 13:45:00,234.7200,234.8700,233.1100,233.3325,2043043
AMZN,2025-07-31 13:30:00,234.4550,234.9100,234.1900,234.7100,1464123
AMZN,2025-07-31 13:15:00,235.2708,235.4300,234.2000,234.4700,1728085
AMZN,2025-07-31 13:00:00,234.9900,235.5000,234.8500,235.2700,1564525
AMZN,2025-07-31 12:45:00,235.3300,235.3699,234.6000,234.9800,2115066
AMZN,2025-07-31 12:30:00,236.3050,236.5300,235.2200,235.3300,2393987
AMZN,2025-07-31 12:15:00,234.9600,236.4387,234.8700,236.3100,2900863
AMZN,2025-07-31 12:00:00,234.7500,235.0000,234.4500,234.9500,2254562
AMZN,2025-07-31 11:45:00,234.3050,234.7800,233.9800,234.7550,2191251
AMZN,2025-07-31 11:30:00,233.1600,234.4100,233.1300,234.3050,2357234
AMZN,2025-07-31 11:15:00,232.1700,235.5500,231.9200,233.1700,2202373
AMZN,2025-07-31 11:00:00,232.1800,235.5500,232.0604,232.1550,2215099
AMZN,2025-07-31 10:45:00,232.2100,232.9900,232.0200,232.2000,1984526
AMZN,2025-07-31 10:30:00,232.5500,232.9800,231.5000,232.2100,2809818
AMZN,2025-07-31 10:15:00,233.4350,233.8050,232.3600,232.5400,2589007
AMZN,2025-07-31 10:00:00,233.5400,234.3700,233.2700,233.4350,4114496
AMZN,2025-07-31 09:45:00,232.1650,234.2300,231.4200,233.5586,3997015
AMZN,2025-07-31 09:30:00,235.7700,235.9200,231.4000,232.1650,9277510
AMZN,2025-07-31 09:15:00,236.9000,236.9700,235.1600,235.7200,311686
AMZN,2025-07-31 09:00:00,237.0100,237.6400,236.7500,236.9700,178132
AMZN,2025-07-31 08:45:00,237.3800,237.4000,236.5500,237.1000,109899
AMZN,2025-07-31 08:30:00,237.1900,237.6500,237.0000,237.4100,151690
AMZN,2025-07-31 08:15:00,237.5700,237.7200,230.1900,237.2350,78112
AMZN,2025-07-31 08:00:00,237.6000,238.5400,230.1900,237.5800,408508
AMZN,2025-07-31 07:45:00,236.9000,237.0900,236.8000,237.0000,26474
AMZN,2025-07-31 07:30:00,237.2800,237.2900,236.7600,236.9000,61554
AMZN,2025-07-31 07:15:00,237.5400,237.6500,237.1000,237.2900,60657
AMZN,2025-07-31 07:00:00,237.7000,238.0000,237.4100,237.5500,64413
AMZN,2025-07-31 06:45:00,238.0000,238.0900,237.5200,237.6000,26008
AMZN,2025-07-31 06:30:00,237.9800,238.0000,237.7100,238.0000,41224
AMZN,2025-07-31 06:15:00,238.0500,238.2500,237.9000,237.9900,40582
AMZN,2025-07-31 06:00:00,237.7700,238.1700,237.4200,238.0500,27286
AMZN,2025-07-31 05:45:00,237.5000,237.9900,237.4700,237.7100,28212
AMZN,2025-07-31 05:30:00,237.5000,237.5300,237.2000,237.4700,13078
AMZN,2025-07-31 05:15:00,237.4900,237.8200,237.4900,237.5200,34230
AMZN,2025-07-31 05:00:00,237.7400,237.8000,237.4400,237.4900,18759
AMZN,2025-07-31 04:45:00,237.9100,237.9800,237.4100,237.7000,22539
AMZN,2025-07-31 04:30:00,238.0600,238.1400,237.6200,237.9600,32292
AMZN,2025-07-31 04:15:00,238.2600,238.4800,237.9700,237.9700,49359
AMZN,2025-07-31 04:00:00,238.1500,238.5600,237.8000,238.2700,74127
AMZN,2025-07-30 19:45:00,237.3250,237.5100,237.2500,237.4300,78848
AMZN,2025-07-30 19:30:00,237.5400,237.5400,237.2000,237.3250,65761
AMZN,2025-07-30 19:15:00,237.4500,237.5700,237.3100,237.4800,46563
AMZN,2025-07-30 19:00:00,237.4600,237.5500,237.2500,237.4500,50182
AMZN,2025-07-30 18:45:00,237.4400,237.6000,237.0700,237.4600,82712
AMZN,2025-07-30 18:30:00,236.9700,237.3800,236.8900,237.3000,86829
AMZN,2025-07-30 18:15:00,237.2998,237.4000,236.7300,236.8900,89178
AMZN,2025-07-30 18:00:00,236.6000,237.4400,235.9100,237.2900,118504
AMZN,2025-07-30 17:45:00,236.9050,237.4800,235.5200,236.7100,221134
AMZN,2025-07-30 17:30:00,236.6000,237.0000,236.1300,236.8131,141355
AMZN,2025-07-30 17:15:00,236.0600,240.6261,235.8900,236.6000,142856
AMZN,2025-07-30 17:00:00,235.2200,236.4800,228.9420,236.0600,146881
AMZN,2025-07-30 16:45:00,235.2665,240.6261,223.6526,235.2500,300755
AMZN,2025-07-30 16:30:00,236.2100,236.4000,230.1900,235.0200,489627
AMZN,2025-07-30 16:15:00,230.1900,237.8800,230.1900,236.2900,852410
AMZN,2025-07-30 16:00:00,230.2600,235.8500,230.1400,235.1500,10184404
AMZN,2025-07-30 15:45:00,229.5850,230.3300,229.5600,230.2600,2538554
AMZN,2025-07-30 15:30:00,229.5000,229.8300,229.4100,229.5850,869972
AMZN,2025-07-30 15:15:00,229.9700,230.1300,229.2900,229.4900,696016
AMZN,2025-07-30 15:00:00,229.8000,230.2500,229.2900,229.9900,1557513
AMZN,2025-07-30 14:45:00,230.7150,230.9100,229.6600,229.8000,1159224
AMZN,2025-07-30 14:30:00,230.6550,231.0000,230.4000,230.7150,997791
AMZN,2025-07-30 14:15:00,230.6600,230.6900,230.2923,230.6600,679874
AMZN,2025-07-30 14:00:00,230.6900,230.9600,230.4350,230.6600,971660
AMZN,2025-07-30 13:45:00,230.9400,230.9450,230.6100,230.6850,430186
AMZN,2025-07-30 13:30:00,230.3600,230.9600,230.3500,230.9400,527989
AMZN,2025-07-30 13:15:00,230.2150,230.4100,230.1610,230.3550,365956
AMZN,2025-07-30 13:00:00,230.4700,230.5200,230.1700,230.2150,447884
AMZN,2025-07-30 12:45:00,230.3100,230.5700,230.2400,230.4540,399937
AMZN,2025-07-30 12:30:00,230.4800,230.5600,230.2500,230.2850,314225
AMZN,2025-07-30 12:15:00,230.2700,230.6600,230.2600,230.4970,451174
AMZN,2025-07-30 12:00:00,230.2800,230.3800,230.0800,230.2698,630570
AMZN,2025-07-30 11:45:00,230.1700,230.3000,229.9306,230.2999,478936
AMZN,2025-07-30 11:30:00,230.1500,230.3600,229.9100,230.1550,907117
AMZN,2025-07-30 11:15:00,229.7600,230.2500,229.5600,230.1400,834868
AMZN,2025-07-30 11:00:00,229.8650,230.2650,229.6100,229.7301,943265
AMZN,2025-07-30 10:45:00,230.1100,230.3300,229.7300,229.8600,717676
AMZN,2025-07-30 10:30:00,230.3200,230.6100,229.9400,230.1100,1034226
AMZN,2025-07-30 10:15:00,230.4450,230.6600,230.1500,230.3200,783223
AMZN,2025-07-30 10:00:00,230.7750,230.7750,229.8500,230.4600,1667888
AMZN,2025-07-30 09:45:00,231.0950,231.8000,230.5950,230.7700,946557
AMZN,2025-07-30 09:30:00,231.6400,231.6900,230.6276,231.0966,2048810
AMZN,2025-07-30 09:15:00,231.3500,231.8000,231.2100,231.5000,29310
AMZN,2025-07-30 09:00:00,231.4600,231.4600,231.2100,231.3600,11070
AMZN,2025-07-30 08:45:00,231.4600,231.6600,231.0100,231.4600,12186
AMZN,2025-07-30 08:30:00,231.3900,231.8600,231.2100,231.3550,20312
AMZN,2025-07-30 08:15:00,231.2900,231.4800,231.1500,231.4150,10431
AMZN,2025-07-30 08:00:00,231.7000,232.2300,230.9317,231.2500,53342
AMZN,2025-07-30 07:45:00,231.4400,231.5000,231.3300,231.3800,1130
AMZN,2025-07-30 07:30:00,231.5600,231.5700,231.3600,231.3800,3158
AMZN,2025-07-30 07:15:00,231.5100,231.5600,231.3600,231.5200,4111
AMZN,2025-07-30 07:00:00,231.6000,231.6900,231.5000,231.5100,5833
AMZN,2025-07-30 06:45:00,231.5900,231.6100,231.5000,231.5500,1934
AMZN,2025-07-30 06:30:00,231.3600,231.6500,231.3600,231.5800,6805
AMZN,2025-07-30 06:15:00,231.2300,231.3900,231.2300,231.3400,608
AMZN,2025-07-30 06:00:00,231.0700,231.2400,231.0500,231.2200,1942
AMZN,2025-07-30 05:45:00,231.0900,231.1000,230.9400,231.0700,3059
AMZN,2025-07-30 05:30:00,231.1000,231.1400,231.0000,231.1000,2321
AMZN,2025-07-30 05:15:00,231.1300,231.2600,231.0900,231.0900,2036
AMZN,2025-07-30 05:00:00,231.1900,231.2100,231.0200,231.1500,3158
AMZN,2025-07-30 04:45:00,231.2100,231.2800,231.1000,231.2200,3476
AMZN,2025-07-30 04:30:00,231.1100,231.3500,231.1100,231.2000,1333
AMZN,2025-07-30 04:15:00,231.3600,231.3900,231.0100,231.0600,5420
AMZN,2025-07-30 04:00:00,231.8000,231.8000,231.2000,231.3800,7656
AMZN,2025-07-29 19:45:00,231.2500,231.2900,231.1700,231.2400,5654
AMZN,2025-07-29 19:30:00,231.2500,231.2900,231.1700,231.2400,3543
AMZN,2025-07-29 19:15:00,231.2150,231.2900,231.1700,231.2800,4440
AMZN,2025-07-29 19:00:00,231.2000,231.2600,231.1100,231.2150,1465
AMZN,2025-07-29 18:45:00,231.1600,231.2700,231.0500,231.1700,4350
AMZN,2025-07-29 18:30:00,231.2300,231.2900,231.1500,231.1500,7586
AMZN,2025-07-29 18:15:00,231.2000,231.2900,231.2000,231.2300,4527
AMZN,2025-07-29 18:00:00,231.2300,231.3400,231.0100,231.2700,9941
AMZN,2025-07-29 17:45:00,230.9750,231.3400,230.9500,231.2500,13239
AMZN,2025-07-29 17:30:00,230.9900,231.0000,230.8500,230.9750,7290
AMZN,2025-07-29 17:15:00,231.1000,231.1000,230.9000,230.9400,5108
AMZN,2025-07-29 17:00:00,230.9500,231.1000,230.9500,231.0250,418650
AMZN,2025-07-29 16:45:00,231.1800,231.1800,215.2337,231.0000,7571
AMZN,2025-07-29 16:30:00,231.0300,231.1800,219.7402,231.0000,26910
AMZN,2025-07-29 16:15:00,231.0500,231.1000,230.9800,231.0350,50376
AMZN,2025-07-29 16:00:00,231.0100,232.8800,230.7000,231.0400,10996706
AMZN,2025-07-29 15:45:00,231.2400,231.4100,230.6600,231.0100,2850411
AMZN,2025-07-29 15:30:00,231.3200,231.4100,230.9200,231.2350,947855
AMZN,2025-07-29 15:15:00,231.6484,231.7600,231.2800,231.3115,608011
AMZN,2025-07-29 15:00:00,231.5600,231.6800,231.4700,231.6499,537957
AMZN,2025-07-29 14:45:00,231.6200,231.6899,231.4100,231.5650,482764
AMZN,2025-07-29 14:30:00,231.2865,231.8500,231.2701,231.6150,613778
AMZN,2025-07-29 14:15:00,231.3500,231.5516,231.0300,231.2850,561855
AMZN,2025-07-29 14:00:00,231.3900,231.5068,231.2696,231.3500,472489
AMZN,2025-07-29 13:45:00,231.2300,231.5000,231.0400,231.3862,486768
AMZN,2025-07-29 13:30:00,231.7002,231.7300,230.9300,231.2500,496710
AMZN,2025-07-29 13:15:00,231.5900,231.9200,231.5500,231.7000,516570
AMZN,2025-07-29 13:00:00,231.6300,231.7900,231.4800,231.5850,560860
AMZN,2025-07-29 12:45:00,230.9600,231.7000,230.8000,231.6500,638841
AMZN,2025-07-29 12:30:00,231.1600,231.3000,230.5800,230.9500,583087
AMZN,2025-07-29 12:15:00,231.1600,231.3400,230.9600,231.1750,626940
AMZN,2025-07-29 12:00:00,231.3500,231.5700,231.0900,231.1700,761636
AMZN,2025-07-29 11:45:00,230.9100,231.3950,230.8500,231.3500,915537
AMZN,2025-07-29 11:30:00,230.6700,231.0399,230.5200,230.8600,934675
AMZN,2025-07-29 11:15:00,230.8100,231.0400,230.6300,230.6997,940486
AMZN,2025-07-29 11:00:00,230.7000,231.1800,230.6900,230.8000,781410
AMZN,2025-07-29 10:45:00,230.9100,231.0600,230.3100,230.7000,1183116
AMZN,2025-07-29 10:30:00,231.5150,231.7200,230.7000,230.9076,1408661
AMZN,2025-07-29 10:15:00,231.6350,231.8300,231.3100,231.5150,1124107
AMZN,2025-07-29 10:00:00,231.9100,232.0100,231.2193,231.6350,1762746
AMZN,2025-07-29 09:45:00,232.6750,232.8300,231.4100,231.8800,2218733
AMZN,2025-07-29 09:30:00,234.1500,234.7200,232.5000,232.6650,3136483
AMZN,2025-07-29 09:15:00,233.4200,234.4300,233.1000,234.1600,106886
AMZN,2025-07-29 09:00:00,233.4750,233.6000,233.3600,233.4200,12480
AMZN,2025-07-29 08:45:00,233.5300,233.6900,232.7900,233.3500,12345
AMZN,2025-07-29 08:30:00,233.4700,233.8000,233.4000,233.5300,25962
AMZN,2025-07-29 08:15:00,233.5500,233.5600,233.3800,233.5400,15563
AMZN,2025-07-29 08:00:00,233.3500,233.9800,232.7900,233.5575,124308
AMZN,2025-07-29 07:45:00,233.6400,233.6500,233.2500,233.3500,27422
AMZN,2025-07-29 07:30:00,233.7300,233.8300,233.5000,233.6500,13937
AMZN,2025-07-29 07:15:00,233.8700,233.8900,233.6800,233.7300,7144
AMZN,2025-07-29 07:00:00,233.8400,234.0000,233.6600,233.8700,22979
AMZN,2025-07-29 06:45:00,233.7700,233.9300,233.7700,233.9000,4001
AMZN,2025-07-29 06:30:00,233.6400,233.8500,233.6000,233.7400,8341
AMZN,2025-07-29 06:15:00,233.6500,233.7200,233.5500,233.6200,2246
AMZN,2025-07-29 06:00:00,233.5000,233.7400,233.5000,233.7300,3567
AMZN,2025-07-29 05:45:00,233.6000,233.6500,233.3300,233.5000,3439
AMZN,2025-07-29 05:30:00,233.5100,233.6500,233.5100,233.6100,3054
AMZN,2025-07-29 05:15:00,233.5800,233.6300,233.4700,233.5100,2606
AMZN,2025-07-29 05:00:00,233.4100,233.5900,233.4100,233.5500,2648
AMZN,2025-07-29 04:45:00,233.5200,233.5400,233.4000,233.4700,2838
AMZN,2025-07-29 04:30:00,233.6000,233.6400,233.3500,233.4000,7319
AMZN,2025-07-29 04:15:00,233.5300,233.6700,233.5000,233.6200,4278
AMZN,2025-07-29 04:00:00,233.2500,233.6800,232.9400,233.5300,11916
AMZN,2025-07-28 19:45:00,232.9500,233.1000,232.9000,233.0600,16649
AMZN,2025-07-28 19:30:00,232.9600,233.0000,232.9000,232.9600,4689
AMZN,2025-07-28 19:15:00,232.8700,233.0000,232.8300,232.9500,2723
AMZN,2025-07-28 19:00:00,232.9800,233.0900,232.8200,232.9400,1335
AMZN,2025-07-28 18:45:00,232.8650,233.1300,232.8100,232.9800,16642
AMZN,2025-07-28 18:30:00,232.8106,232.9400,232.7900,232.8200,4733
AMZN,2025-07-28 18:15:00,232.8900,233.1000,232.8000,232.9000,8982
AMZN,2025-07-28 18:00:00,232.8000,232.9200,232.8000,232.8900,5194
AMZN,2025-07-28 17:45:00,232.9100,232.9800,232.8000,232.9200,6756
AMZN,2025-07-28 17:30:00,232.9800,232.9800,232.9100,232.9450,5621
AMZN,2025-07-28 17:15:00,232.9200,233.0500,232.8500,232.9450,18693
AMZN,2025-07-28 17:00:00,232.8800,246.7674,224.2009,232.8900,10291
AMZN,2025-07-28 16:45:00,232.9500,246.7674,216.9114,232.8800,3488
AMZN,2025-07-28 16:30:00,232.8100,232.9500,232.7500,232.9000,49277
AMZN,2025-07-28 16:15:00,232.7900,233.0500,232.6300,232.8100,31858
AMZN,2025-07-28 16:00:00,232.8000,232.9975,232.6000,232.7500,7729460
AMZN,2025-07-28 15:45:00,232.8100,233.1600,232.6700,232.8100,1795727
AMZN,2025-07-28 15:30:00,232.5900,232.8400,232.5800,232.8050,648549
AMZN,2025-07-28 15:15:00,232.8150,232.8500,232.4950,232.5800,604650
AMZN,2025-07-28 15:00:00,232.7700,232.8600,232.7150,232.8200,394721
AMZN,2025-07-28 14:45:00,232.7350,232.8850,232.6950,232.7700,349446
AMZN,2025-07-28 14:30:00,232.9300,232.9700,232.6650,232.7381,365638
AMZN,2025-07-28 14:15:00,232.9000,233.0399,232.7000,232.9200,358150
AMZN,2025-07-28 14:00:00,232.9000,232.9700,232.6300,232.8801,497552
AMZN,2025-07-28 13:45:00,233.0700,233.0700,232.8400,232.8900,323364
AMZN,2025-07-28 13:30:00,232.8150,233.1200,232.8009,233.0750,288332
AMZN,2025-07-28 13:15:00,233.1500,233.2100,232.8100,232.8200,467986
AMZN,2025-07-28 13:00:00,233.1400,233.2700,232.9900,233.1500,413962
AMZN,2025-07-28 12:45:00,232.8873,233.2950,232.8270,233.1300,524517
AMZN,2025-07-28 12:30:00,232.7796,232.8800,232.6125,232.8800,444834
AMZN,2025-07-28 12:15:00,232.9850,233.0000,232.6500,232.7800,547788
AMZN,2025-07-28 12:00:00,232.9500,233.1800,232.8000,232.9900,584189
AMZN,2025-07-28 11:45:00,233.1800,233.1950,232.9000,232.9500,524529
AMZN,2025-07-28 11:30:00,233.2150,233.4300,233.0800,233.1752,615972
AMZN,2025-07-28 11:15:00,233.8500,233.9250,232.8400,233.2200,918176
AMZN,2025-07-28 11:00:00,233.6798,234.0400,233.5300,233.8600,733090
AMZN,2025-07-28 10:45:00,233.9597,234.2085,233.4320,233.6550,991942
AMZN,2025-07-28 10:30:00,233.4650,234.0900,233.3300,233.9500,1051655
AMZN,2025-07-28 10:15:00,233.4800,233.6300,233.0600,233.4700,897488
AMZN,2025-07-28 10:00:00,233.4300,233.9000,233.2300,233.4800,1275884
AMZN,2025-07-28 09:45:00,233.0500,233.5300,232.7200,233.4200,1402165
AMZN,2025-07-28 09:30:00,233.3500,234.2900,232.2500,233.0640,3458178
AMZN,2025-07-28 09:15:00,232.9000,233.7200,232.8100,233.5700,83241
AMZN,2025-07-28 09:00:00,233.5800,233.6000,232.8100,232.8500,59185
AMZN,2025-07-28 08:45:00,233.5528,233.7850,233.4100,233.5271,41071
AMZN,2025-07-28 08:30:00,233.4300,233.5600,226.1300,233.5585,49392
AMZN,2025-07-28 08:15:00,233.1100,233.4500,233.0800,233.4500,34520
AMZN,2025-07-28 08:00:00,232.9200,233.3200,231.4400,233.1700,177225
AMZN,2025-07-28 07:45:00,232.9000,233.3100,232.9000,233.2300,29586
AMZN,2025-07-28 07:30:00,232.8100,232.9500,232.8000,232.9300,8384
AMZN,2025-07-28 07:15:00,232.8300,232.8900,232.7300,232.8000,6743
AMZN,2025-07-28 07:00:00,232.6000,232.8900,232.5200,232.8300,18370
AMZN,2025-07-28 06:45:00,232.6800,232.7100,232.4000,232.6000,11500
AMZN,2025-07-28 06:30:00,232.7400,232.8900,232.6200,232.6900,5602
AMZN,2025-07-28 06:15:00,232.7900,232.8900,232.7000,232.8600,1882
AMZN,2025-07-28 06:00:00,232.6900,232.9000,232.6500,232.7000,6558
AMZN,2025-07-28 05:45:00,232.6100,232.7700,232.6100,232.7000,4983
AMZN,2025-07-28 05:30:00,232.8100,232.8400,232.6100,232.6500,4549
AMZN,2025-07-28 05:15:00,232.8900,232.8900,232.6300,232.7000,9201
AMZN,2025-07-28 05:00:00,232.7500,232.8900,232.6800,232.8800,4238
AMZN,2025-07-28 04:45:00,232.7700,232.8600,232.6900,232.7000,4488
AMZN,2025-07-28 04:30:00,232.7800,232.8800,232.6500,232.8400,3519
AMZN,2025-07-28 04:15:00,232.6600,232.9900,232.5900,232.7900,8195
AMZN,2025-07-28 04:00:00,232.3100,233.0600,232.0200,232.6400,13519
AMZN,2025-07-25 19:45:00,231.6700,232.0000,231.6400,231.6900,16967
AMZN,2025-07-25 19:30:00,231.6000,231.7000,231.6000,231.6700,9487
AMZN,2025-07-25 19:15:00,231.6794,231.6800,231.6000,231.6500,3584
AMZN,2025-07-25 19:00:00,231.6400,231.6800,231.6000,231.6450,3358
AMZN,2025-07-25 18:45:00,231.6100,231.6800,231.5700,231.6700,5214
AMZN,2025-07-25 18:30:00,231.5800,231.6800,231.5500,231.6200,11820
AMZN,2025-07-25 18:15:00,231.6450,231.6800,231.6000,231.6100,4100
AMZN,2025-07-25 18:00:00,231.6400,231.6800,231.6000,231.6450,4331
AMZN,2025-07-25 17:45:00,231.6100,231.6800,231.5750,231.6200,5185
AMZN,2025-07-25 17:30:00,231.5550,231.6900,231.5100,231.6600,4112
AMZN,2025-07-25 17:15:00,231.6000,233.3059,215.3202,231.5999,4642
AMZN,2025-07-25 17:00:00,231.6750,242.3694,231.5100,231.5700,12331
AMZN,2025-07-25 16:45:00,231.6200,231.7600,221.5176,231.6899,126217
AMZN,2025-07-25 16:30:00,231.5500,231.8000,231.4400,231.6100,12071
AMZN,2025-07-25 16:15:00,231.4200,231.6000,231.4100,231.5500,148841
AMZN,2025-07-25 16:00:00,231.4600,231.5800,231.0000,231.4200,6797234
AMZN,2025-07-25 15:45:00,231.8000,232.1000,231.3300,231.4600,2971772
AMZN,2025-07-25 15:30:00,231.7500,232.0000,231.7100,231.8000,1256551
AMZN,2025-07-25 15:15:00,231.7100,231.9000,231.6600,231.7425,452247
AMZN,2025-07-25 15:00:00,231.7600,231.9700,231.6800,231.7197,574970
AMZN,2025-07-25 14:45:00,231.8400,231.9600,231.7600,231.7600,485652
AMZN,2025-07-25 14:30:00,231.7900,231.9250,231.7800,231.8438,355501
AMZN,2025-07-25 14:15:00,231.4901,231.8700,231.4800,231.7900,411555
AMZN,2025-07-25 14:00:00,231.8200,231.8300,231.4400,231.5000,610719
AMZN,2025-07-25 13:45:00,231.8308,231.9152,231.7000,231.8298,1939758
AMZN,2025-07-25 13:30:00,231.7550,231.9250,231.6800,231.8500,409453
AMZN,2025-07-25 13:15:00,232.0300,232.0500,231.6600,231.7550,531697
AMZN,2025-07-25 13:00:00,232.1100,232.1500,231.9150,232.0300,380131
AMZN,2025-07-25 12:45:00,232.2500,232.3100,232.1001,232.1100,498970
AMZN,2025-07-25 12:30:00,232.2500,232.4800,232.1990,232.2600,919971
AMZN,2025-07-25 12:15:00,232.1900,232.4200,232.1000,232.2550,780595
AMZN,2025-07-25 12:00:00,232.3100,232.4300,232.0000,232.1800,767531
AMZN,2025-07-25 11:45:00,232.0600,232.4000,231.9500,232.3216,636640
AMZN,2025-07-25 11:30:00,232.1225,232.2599,231.8800,232.0600,562051
AMZN,2025-07-25 11:15:00,231.6300,232.1699,231.5000,232.1250,665998
AMZN,2025-07-25 11:00:00,231.8500,232.0200,231.5700,231.6055,656955
AMZN,2025-07-25 10:45:00,231.6500,232.0100,231.5800,231.8500,838250
AMZN,2025-07-25 10:30:00,231.4400,231.6700,231.1800,231.6600,1353378
AMZN,2025-07-25 10:15:00,232.0600,232.3000,231.3100,231.4214,1022887
AMZN,2025-07-25 10:00:00,231.7800,232.0600,231.4800,232.0450,1560021
AMZN,2025-07-25 09:45:00,231.7650,232.2900,231.4500,231.7900,1449169
AMZN,2025-07-25 09:30:00,232.2200,232.3100,231.3000,231.7800,2156531
AMZN,2025-07-25 09:15:00,232.8500,233.0000,232.0000,232.0100,60177
AMZN,2025-07-25 09:00:00,233.0200,233.0900,229.5300,232.9000,30967
AMZN,2025-07-25 08:45:00,232.9100,233.0500,232.8800,232.9700,7622
AMZN,2025-07-25 08:30:00,233.0550,233.1000,232.8800,232.9100,17157
AMZN,2025-07-25 08:15:00,232.8850,233.1000,232.8500,233.0550,11890
AMZN,2025-07-25 08:00:00,233.2500,233.4000,232.0000,232.9000,77310
AMZN,2025-07-25 07:45:00,233.0400,233.0800,232.9800,233.0400,9684
AMZN,2025-07-25 07:30:00,233.1700,233.1700,233.0300,233.0400,5296
AMZN,2025-07-25 07:15:00,233.2600,233.3200,233.0900,233.1900,14551
AMZN,2025-07-25 07:00:00,233.1600,233.3700,232.9500,233.2000,23390
AMZN,2025-07-25 06:45:00,233.0900,233.3200,233.0000,233.1700,9842
AMZN,2025-07-25 06:30:00,232.8200,233.0800,232.7500,233.0800,3320
AMZN,2025-07-25 06:15:00,232.3700,233.4200,232.2800,233.0700,32840
AMZN,2025-07-25 06:00:00,232.3500,232.3900,232.2900,232.3600,2048
AMZN,2025-07-25 05:45:00,232.3300,232.3600,232.2400,232.3500,1578
AMZN,2025-07-25 05:30:00,232.2500,232.3800,232.2500,232.3300,2107
AMZN,2025-07-25 05:15:00,232.1600,232.2300,232.0100,232.2000,5807
AMZN,2025-07-25 05:00:00,232.2500,232.2700,232.0100,232.1700,4813
AMZN,2025-07-25 04:45:00,232.3500,232.4000,232.2500,232.2700,1441
AMZN,2025-07-25 04:30:00,232.2400,232.4700,232.2100,232.3000,1538
AMZN,2025-07-25 04:15:00,232.4100,232.4500,232.0100,232.2700,5146
AMZN,2025-07-25 04:00:00,232.5000,232.7500,232.0000,232.3200,5212
AMZN,2025-07-24 19:45:00,232.4700,232.6600,232.4100,232.4200,9352
AMZN,2025-07-24 19:30:00,232.4000,232.6700,232.3800,232.4897,8917
AMZN,2025-07-24 19:15:00,232.4650,232.5200,232.3600,232.4000,8113
AMZN,2025-07-24 19:00:00,232.5500,232.5500,232.4317,232.4982,2495
AMZN,2025-07-24 18:45:00,232.5000,232.5600,232.4500,232.5500,2952
AMZN,2025-07-24 18:30:00,232.5500,232.5500,232.4500,232.5000,3477
AMZN,2025-07-24 18:15:00,232.4700,232.5800,232.4200,232.5500,8487
AMZN,2025-07-24 18:00:00,232.2700,232.4900,231.9800,232.4900,38094
AMZN,2025-07-24 17:45:00,232.2700,232.3000,232.2400,232.2900,3478
AMZN,2025-07-24 17:30:00,232.1950,232.2900,208.8500,232.2800,6128
AMZN,2025-07-24 17:15:00,232.1608,232.2500,232.1400,232.2500,5310
AMZN,2025-07-24 17:00:00,232.1700,232.2500,232.1400,232.2100,2960
AMZN,2025-07-24 16:45:00,232.1300,244.9629,216.1230,232.2000,11668
AMZN,2025-07-24 16:30:00,232.1100,232.2599,216.1230,232.1200,30433
AMZN,2025-07-24 16:15:00,232.2300,232.2600,231.9000,232.1200,186916
AMZN,2025-07-24 16:00:00,232.2490,232.4000,231.7500,232.2000,8721636
AMZN,2025-07-24 15:45:00,232.2550,236.0000,231.8750,232.2490,2765038
AMZN,2025-07-24 15:30:00,231.9700,232.2700,231.8950,232.2550,967817
AMZN,2025-07-24 15:15:00,231.7950,232.1600,231.7950,231.9800,610310
AMZN,2025-07-24 15:00:00,231.9400,232.0950,231.7600,231.7952,482240
AMZN,2025-07-24 14:45:00,231.8150,232.0600,231.6136,231.9500,528980
AMZN,2025-07-24 14:30:00,232.2350,232.2500,231.8000,231.8200,482742
AMZN,2025-07-24 14:15:00,232.1300,232.2800,231.9700,232.2400,543573
AMZN,2025-07-24 14:00:00,231.8756,232.2700,231.8600,232.1200,431696
AMZN,2025-07-24 13:45:00,232.0200,232.1800,231.8612,231.8654,448632
AMZN,2025-07-24 13:30:00,232.0100,232.2850,231.9000,232.0300,447687
AMZN,2025-07-24 13:15:00,232.3300,232.4700,231.9800,232.0100,426756
AMZN,2025-07-24 13:00:00,232.2000,232.4600,231.8500,232.3400,585775
AMZN,2025-07-24 12:45:00,232.4200,232.5700,231.9400,232.2144,558047
AMZN,2025-07-24 12:30:00,232.0200,232.5500,231.7500,232.4150,810452
AMZN,2025-07-24 12:15:00,231.9650,232.0950,231.7500,232.0100,681089
AMZN,2025-07-24 12:00:00,232.4300,232.4400,231.7600,231.9696,874635
AMZN,2025-07-24 11:45:00,232.9000,233.0300,232.3600,232.4500,1009366
AMZN,2025-07-24 11:30:00,232.0356,232.9400,231.9200,232.9103,1095362
AMZN,2025-07-24 11:15:00,232.1700,232.5330,231.9200,232.0350,1249623
AMZN,2025-07-24 11:00:00,231.1300,232.2600,231.0100,232.1800,1667259
AMZN,2025-07-24 10:45:00,230.9300,231.4199,230.5950,231.1200,1228714
AMZN,2025-07-24 10:30:00,230.8500,231.1300,230.3200,230.9100,1821504
AMZN,2025-07-24 10:15:00,231.7300,231.9900,230.7300,230.8600,1931211
AMZN,2025-07-24 10:00:00,233.9600,233.9700,231.3900,231.7400,2515073
AMZN,2025-07-24 09:45:00,231.8000,234.0700,231.5200,233.9500,5446252
AMZN,2025-07-24 09:30:00,229.1700,231.8800,228.6400,231.8170,7580063
AMZN,2025-07-24 09:15:00,229.5518,229.7000,228.7700,229.0900,90212
AMZN,2025-07-24 09:00:00,229.6000,229.7400,228.3850,229.5650,15617
AMZN,2025-07-24 08:45:00,229.0700,229.7100,214.4700,229.5800,40931
AMZN,2025-07-24 08:30:00,229.7000,229.7100,229.0500,229.2000,23917
AMZN,2025-07-24 08:15:00,229.7501,229.9000,228.2900,229.7100,14845
AMZN,2025-07-24 08:00:00,229.5088,229.9900,228.2900,229.8000,75294
AMZN,2025-07-24 07:45:00,229.7400,229.7900,229.5200,229.5500,5011
AMZN,2025-07-24 07:30:00,229.7500,230.1700,229.6600,229.7100,6639
AMZN,2025-07-24 07:15:00,229.8400,230.0000,229.6100,229.7600,25058
AMZN,2025-07-24 07:00:00,229.6200,229.8900,229.5000,229.7800,16351
AMZN,2025-07-24 06:45:00,229.6900,229.8100,229.5500,229.7200,2078
AMZN,2025-07-24 06:30:00,229.4700,229.7000,229.2700,229.6200,7921
AMZN,2025-07-24 06:15:00,229.7800,229.7800,229.4000,229.4600,4184
AMZN,2025-07-24 06:00:00,229.7500,229.8800,229.6200,229.7800,4539
AMZN,2025-07-24 05:45:00,229.7700,229.8800,229.6100,229.8400,5766
AMZN,2025-07-24 05:30:00,229.6900,229.8800,229.6600,229.7000,5987
AMZN,2025-07-24 05:15:00,229.8400,229.8800,229.5800,229.7600,5435
AMZN,2025-07-24 05:00:00,229.8000,229.8900,229.7500,229.8500,1589
AMZN,2025-07-24 04:45:00,229.8400,229.9600,229.7500,229.7500,11256
AMZN,2025-07-24 04:30:00,229.7100,229.9400,229.6600,229.8300,16779
AMZN,2025-07-24 04:15:00,229.3900,229.7700,229.3700,229.7000,6342
AMZN,2025-07-24 04:00:00,229.7000,229.7000,228.9100,229.4600,7449
AMZN,2025-07-23 19:45:00,229.9700,230.0000,229.8500,229.9793,19188
AMZN,2025-07-23 19:30:00,229.7900,230.0000,229.7900,229.9750,5104
AMZN,2025-07-23 19:15:00,229.8200,229.9500,229.7600,229.8650,7370
AMZN,2025-07-23 19:00:00,229.7000,229.9400,229.6300,229.8230,7519
AMZN,2025-07-23 18:45:00,229.8250,229.9000,229.6300,229.7500,9092
AMZN,2025-07-23 18:30:00,229.7900,229.9500,229.6300,229.8200,6460
AMZN,2025-07-23 18:15:00,230.0100,230.1000,229.6300,229.9500,16561
AMZN,2025-07-23 18:00:00,230.1300,230.1300,229.8100,230.0200,28155
AMZN,2025-07-23 17:45:00,229.9000,230.2500,229.6000,230.0800,122261
AMZN,2025-07-23 17:30:00,228.9900,229.9900,228.6400,229.9000,109333
AMZN,2025-07-23 17:15:00,229.1500,229.4800,228.2900,228.9900,88950
AMZN,2025-07-23 17:00:00,228.8950,229.7000,228.7600,229.1200,103959
AMZN,2025-07-23 16:45:00,229.1000,229.2000,217.1549,228.9200,35477
AMZN,2025-07-23 16:30:00,228.4400,229.2000,228.2900,228.8900,2311660
AMZN,2025-07-23 16:15:00,228.5586,228.5600,228.0900,228.4000,72514
AMZN,2025-07-23 16:00:00,228.3200,229.4400,227.8100,228.5400,7559270
AMZN,2025-07-23 15:45:00,227.8900,228.3900,227.8700,228.2700,1966181
AMZN,2025-07-23 15:30:00,228.0900,228.1098,227.8500,227.8900,577097
AMZN,2025-07-23 15:15:00,228.2100,228.3600,228.1000,228.1000,362907
AMZN,2025-07-23 15:00:00,228.3700,228.4150,228.2100,228.2200,409451
AMZN,2025-07-23 14:45:00,228.4000,228.4200,228.2800,228.3700,376448
AMZN,2025-07-23 14:30:00,228.3800,228.5000,228.3200,228.4000,589557
AMZN,2025-07-23 14:15:00,228.4500,228.4950,228.3300,228.3790,748540
AMZN,2025-07-23 14:00:00,228.3550,228.5000,228.3100,228.4500,465206
AMZN,2025-07-23 13:45:00,228.4200,228.4500,228.1308,228.3550,649108
AMZN,2025-07-23 13:30:00,228.3000,228.4800,228.2700,228.4200,482083
AMZN,2025-07-23 13:15:00,228.0632,228.3700,227.9700,228.2907,508972
AMZN,2025-07-23 13:00:00,228.0600,228.1600,227.8300,228.0504,775692
AMZN,2025-07-23 12:45:00,227.8950,228.1700,227.8501,228.0700,364410
AMZN,2025-07-23 12:30:00,227.6800,227.9593,227.6000,227.8900,369264
AMZN,2025-07-23 12:15:00,227.8000,227.9100,227.3750,227.6900,609656
AMZN,2025-07-23 12:00:00,227.9000,227.9900,227.5600,227.8000,560429
AMZN,2025-07-23 11:45:00,227.3300,228.4000,227.2600,227.9200,1163533
AMZN,2025-07-23 11:30:00,227.4000,227.4600,227.1523,227.3300,486606
AMZN,2025-07-23 11:15:00,227.2300,227.4599,227.0900,227.3900,739885
AMZN,2025-07-23 11:00:00,227.8200,228.0000,227.1500,227.2400,848767
AMZN,2025-07-23 10:45:00,227.6996,227.9900,227.6100,227.8200,547950
AMZN,2025-07-23 10:30:00,227.9600,228.0450,227.6900,227.7005,878285
AMZN,2025-07-23 10:15:00,228.0450,228.4000,227.8600,227.9650,580869
AMZN,2025-07-23 10:00:00,228.2600,228.5200,228.0050,228.0450,726745
AMZN,2025-07-23 09:45:00,228.0350,228.5900,227.5700,228.2600,1494819
AMZN,2025-07-23 09:30:00,228.4700,228.7900,227.7500,228.0350,3501471
AMZN,2025-07-23 09:15:00,228.3450,228.5000,227.4700,228.4500,18855
AMZN,2025-07-23 09:00:00,228.4200,228.5000,227.4700,228.3450,32800
AMZN,2025-07-23 08:45:00,228.3000,228.4500,227.4700,228.4000,55092
AMZN,2025-07-23 08:30:00,228.5000,228.6800,228.2400,228.2732,34337
AMZN,2025-07-23 08:15:00,228.6150,228.7300,227.4700,228.6400,12135
AMZN,2025-07-23 08:00:00,228.7000,228.7500,227.4700,228.6700,84295
AMZN,2025-07-23 07:45:00,228.6500,228.7500,228.5500,228.5800,7376
AMZN,2025-07-23 07:30:00,228.5900,228.7500,228.5000,228.6600,10107
AMZN,2025-07-23 07:15:00,228.5500,228.7100,228.4400,228.5900,10903
AMZN,2025-07-23 07:00:00,228.4800,228.7000,228.3700,228.5500,13321
AMZN,2025-07-23 06:45:00,228.4700,228.6100,228.2100,228.4800,10566
AMZN,2025-07-23 06:30:00,228.2000,228.4900,228.2000,228.4800,10330
AMZN,2025-07-23 06:15:00,228.2000,228.3000,228.2000,228.2600,3604
AMZN,2025-07-23 06:00:00,228.0200,228.2300,228.0100,228.2300,3045
AMZN,2025-07-23 05:45:00,228.0500,228.0900,227.9800,228.0400,2615
AMZN,2025-07-23 05:30:00,228.0300,228.0800,227.9100,228.0500,1931
AMZN,2025-07-23 05:15:00,228.2300,228.2500,228.0300,228.0300,4672
AMZN,2025-07-23 05:00:00,228.2300,228.3000,228.1900,228.2400,874
AMZN,2025-07-23 04:45:00,228.0800,228.2500,228.0800,228.1900,1260
AMZN,2025-07-23 04:30:00,228.1500,228.1500,228.0100,228.0500,2242
AMZN,2025-07-23 04:15:00,228.1100,228.2400,228.0000,228.1300,3221
AMZN,2025-07-23 04:00:00,228.1500,228.3700,228.0100,228.1100,10630
AMZN,2025-07-22 19:45:00,228.2500,228.4000,228.0500,228.3600,10128
AMZN,2025-07-22 19:30:00,228.2900,228.4000,228.0500,228.2000,9733
AMZN,2025-07-22 19:15:00,227.8500,228.3400,227.7500,228.2000,17626
AMZN,2025-07-22 19:00:00,227.5600,228.0500,227.4700,227.6600,9600
AMZN,2025-07-22 18:45:00,227.5400,227.5800,227.4700,227.5300,5690
AMZN,2025-07-22 18:30:00,227.5000,227.5800,227.5000,227.5800,4813
AMZN,2025-07-22 18:15:00,227.5550,227.6500,227.5000,227.5300,6094
AMZN,2025-07-22 18:00:00,227.5900,227.7800,227.5000,227.5550,9622
AMZN,2025-07-22 17:45:00,227.6400,227.7000,227.5400,227.5750,7150
AMZN,2025-07-22 17:30:00,227.7300,227.7300,227.6100,227.6800,3410
AMZN,2025-07-22 17:15:00,227.7200,227.9304,227.4700,227.6900,1136340
AMZN,2025-07-22 17:00:00,227.5500,234.2573,212.1414,227.7200,2213674
AMZN,2025-07-22 16:45:00,227.7000,227.7200,221.2295,227.5900,11180
AMZN,2025-07-22 16:30:00,227.7000,227.9304,227.5900,227.6900,6213
AMZN,2025-07-22 16:15:00,227.4700,227.7000,227.4100,227.6000,25505
AMZN,2025-07-22 16:00:00,227.5200,227.9000,227.4500,227.4700,6470593
AMZN,2025-07-22 15:45:00,227.8300,228.7000,227.4200,227.5200,2102406
AMZN,2025-07-22 15:30:00,227.8100,228.0000,227.7100,227.8399,1654870
AMZN,2025-07-22 15:15:00,227.6566,227.9800,227.5950,227.8200,585016
AMZN,2025-07-22 15:00:00,227.7600,227.8500,227.5350,227.6600,573142
AMZN,2025-07-22 14:45:00,227.5900,227.8650,227.5576,227.7800,1148201
AMZN,2025-07-22 14:30:00,227.2200,227.7500,227.2000,227.5901,760758
AMZN,2025-07-22 14:15:00,227.2100,227.3753,226.7700,227.2200,632391
AMZN,2025-07-22 14:00:00,227.0100,227.2317,227.0000,227.2000,364008
AMZN,2025-07-22 13:45:00,227.1900,227.3050,227.0100,227.0150,546519
AMZN,2025-07-22 13:30:00,227.4900,229.4000,227.1300,227.1832,400776
AMZN,2025-07-22 13:15:00,227.2000,227.7600,227.2000,227.5100,604413
AMZN,2025-07-22 13:00:00,227.1550,227.3200,227.0200,227.2000,452488
AMZN,2025-07-22 12:45:00,226.7388,227.2000,226.6400,227.1550,508761
AMZN,2025-07-22 12:30:00,226.4500,226.8400,226.3800,226.7329,549668
AMZN,2025-07-22 12:15:00,226.9300,227.1700,226.3500,226.4454,862957
AMZN,2025-07-22 12:00:00,226.7050,227.0199,226.6600,226.9300,620251
AMZN,2025-07-22 11:45:00,226.9900,227.2100,226.6000,226.7013,896015
AMZN,2025-07-22 11:30:00,226.9700,227.2100,226.7800,226.9900,746794
AMZN,2025-07-22 11:15:00,227.2800,227.3504,226.7700,226.9600,971425
AMZN,2025-07-22 11:00:00,227.5300,227.6100,227.2500,227.2750,572911
AMZN,2025-07-22 10:45:00,227.8300,227.8850,227.3700,227.5300,795515
AMZN,2025-07-22 10:30:00,227.2500,227.9950,227.2456,227.8400,933976
AMZN,2025-07-22 10:15:00,227.6200,227.9800,227.1400,227.2500,1239361
AMZN,2025-07-22 10:00:00,227.6800,227.7600,226.5700,227.6100,1855243
AMZN,2025-07-22 09:45:00,229.3300,229.4350,227.3700,227.6500,3369324
AMZN,2025-07-22 09:30:00,229.6800,230.0000,228.8100,229.3308,6051488
AMZN,2025-07-22 09:15:00,229.9880,230.1000,228.5200,229.6400,176092
AMZN,2025-07-22 09:00:00,229.9200,230.0000,229.3000,229.9900,15534
AMZN,2025-07-22 08:45:00,229.9000,230.0000,229.3000,229.9600,10727
AMZN,2025-07-22 08:30:00,229.9700,230.0000,229.9000,229.9500,26458
AMZN,2025-07-22 08:15:00,230.1500,230.1900,229.9000,229.9500,29631
AMZN,2025-07-22 08:00:00,229.1688,230.4000,228.7500,230.1200,166516
AMZN,2025-07-22 07:45:00,229.9800,230.3200,229.9000,230.3000,43629
AMZN,2025-07-22 07:30:00,229.8900,229.9900,229.7500,229.9500,16168
AMZN,2025-07-22 07:15:00,229.5300,229.9000,229.4000,229.8900,13291
AMZN,2025-07-22 07:00:00,229.4600,229.7100,229.3400,229.5100,20013
AMZN,2025-07-22 06:45:00,229.4900,229.4900,229.3900,229.4600,1700
AMZN,2025-07-22 06:30:00,229.5800,229.5800,229.3100,229.4300,7100
AMZN,2025-07-22 06:15:00,229.6300,229.6300,229.5000,229.5200,3614
AMZN,2025-07-22 06:00:00,229.4700,229.6200,229.4600,229.5400,1998
AMZN,2025-07-22 05:45:00,229.1900,229.5200,229.1800,229.4700,8434
AMZN,2025-07-22 05:30:00,229.0400,229.2100,229.0400,229.1800,4284
AMZN,2025-07-22 05:15:00,229.0500,229.1800,229.0100,229.1000,2583
AMZN,2025-07-22 05:00:00,228.8600,229.0900,228.8200,229.0600,3650
AMZN,2025-07-22 04:45:00,228.8500,228.9600,228.8100,228.8700,4752
AMZN,2025-07-22 04:30:00,229.0000,229.1400,228.8500,228.8900,4268
AMZN,2025-07-22 04:15:00,229.3500,229.3700,228.9200,229.0100,3402
AMZN,2025-07-22 04:00:00,229.1700,229.4900,228.6800,229.3900,10577
AMZN,2025-07-21 19:45:00,229.4000,229.4852,229.2200,229.2388,14302
AMZN,2025-07-21 19:30:00,229.3500,229.4500,229.3000,229.4000,7798
AMZN,2025-07-21 19:15:00,229.3600,229.4000,229.2650,229.3000,4058
AMZN,2025-07-21 19:00:00,229.4000,229.4300,229.3100,229.3600,2535
AMZN,2025-07-21 18:45:00,229.3100,229.4300,229.3100,229.3900,2459
AMZN,2025-07-21 18:30:00,229.3499,229.4000,229.3100,229.3100,2198
AMZN,2025-07-21 18:15:00,229.4000,229.4000,229.3100,229.3500,4082
AMZN,2025-07-21 18:00:00,229.3000,229.4300,229.2300,229.3700,4752
AMZN,2025-07-21 17:45:00,229.3000,229.4000,229.2300,229.3500,372628
AMZN,2025-07-21 17:30:00,229.4000,229.4300,229.2300,229.3000,8298
AMZN,2025-07-21 17:15:00,229.3050,229.4300,215.2320,229.3550,6246
AMZN,2025-07-21 17:00:00,229.3900,229.4300,229.2600,229.2900,80225
AMZN,2025-07-21 16:45:00,229.3700,229.4500,229.3000,229.3800,29804
AMZN,2025-07-21 16:30:00,229.1600,229.4000,229.0500,229.3500,36265
AMZN,2025-07-21 16:15:00,229.3000,229.5300,229.0500,229.2500,157382
AMZN,2025-07-21 16:00:00,229.3100,229.3900,228.7418,229.2900,6813888
AMZN,2025-07-21 15:45:00,229.2800,229.5000,229.1000,229.3100,2957224
AMZN,2025-07-21 15:30:00,229.2474,229.6900,229.2200,229.2800,1375186
AMZN,2025-07-21 15:15:00,229.1400,229.2655,228.9906,229.2599,733910
AMZN,2025-07-21 15:00:00,229.1600,229.2366,228.7700,229.1450,838813
AMZN,2025-07-21 14:45:00,229.1300,229.1650,228.9310,229.1500,695513
AMZN,2025-07-21 14:30:00,229.3450,229.4000,229.1200,229.1352,516856
AMZN,2025-07-21 14:15:00,229.4399,229.5950,229.3500,229.3500,765473
AMZN,2025-07-21 14:00:00,229.2400,229.4800,229.1100,229.4450,582048
AMZN,2025-07-21 13:45:00,228.8700,229.4550,228.8554,229.2500,710005
AMZN,2025-07-21 13:30:00,228.9350,229.0400,228.6600,228.8700,566748
AMZN,2025-07-21 13:15:00,228.9400,229.0800,228.8301,228.9309,642982
AMZN,2025-07-21 13:00:00,228.6100,228.9850,228.6000,228.9400,907896
AMZN,2025-07-21 12:45:00,228.8250,229.0600,228.4000,228.6300,1120181
AMZN,2025-07-21 12:30:00,228.4600,228.8358,228.3600,228.8296,1064628
AMZN,2025-07-21 12:15:00,228.1200,228.4900,227.9900,228.4600,927362
AMZN,2025-07-21 12:00:00,228.0200,228.2000,227.9000,228.1060,887749
AMZN,2025-07-21 11:45:00,228.1400,228.4750,228.0200,228.0300,1282578
AMZN,2025-07-21 11:30:00,227.7500,228.2500,227.6900,228.1452,944937
AMZN,2025-07-21 11:15:00,227.9750,228.0700,227.5350,227.7500,964990
AMZN,2025-07-21 11:00:00,228.1000,228.2300,227.6904,227.9850,1470583
AMZN,2025-07-21 10:45:00,228.0650,228.1200,225.9501,228.1000,1803674
AMZN,2025-07-21 10:30:00,227.9400,228.1900,227.7400,228.0850,3040511
AMZN,2025-07-21 10:15:00,227.5000,227.9400,227.5000,227.9400,1463076
AMZN,2025-07-21 10:00:00,227.4100,227.6700,227.0000,227.5300,1853487
AMZN,2025-07-21 09:45:00,227.7104,227.9900,227.0200,227.4100,3252101
AMZN,2025-07-21 09:30:00,225.8350,227.7800,225.6500,227.7043,3973081
AMZN,2025-07-21 09:15:00,226.1891,226.7400,225.5000,225.8350,74318
AMZN,2025-07-21 09:00:00,226.3400,226.4000,226.1100,226.1900,23178
AMZN,2025-07-21 08:45:00,226.7805,226.7900,226.2000,226.3800,35206
AMZN,2025-07-21 08:30:00,226.8483,226.9000,226.7100,226.7490,19871
AMZN,2025-07-21 08:15:00,226.8100,226.8500,226.7500,226.7883,11507
AMZN,2025-07-21 08:00:00,226.8488,227.1588,226.1012,226.8100,70774
AMZN,2025-07-21 07:45:00,226.7500,226.8000,226.7200,226.7800,2756
AMZN,2025-07-21 07:30:00,226.8000,226.8900,226.7500,226.7700,4985
AMZN,2025-07-21 07:15:00,226.7200,226.8900,226.7200,226.8800,7477
AMZN,2025-07-21 07:00:00,226.9900,227.0000,226.7200,226.7200,10877
AMZN,2025-07-21 06:45:00,227.0500,227.1200,226.9600,226.9900,7211
AMZN,2025-07-21 06:30:00,227.0700,227.0900,226.9800,227.0900,2918
AMZN,2025-07-21 06:15:00,227.1200,227.1400,227.0500,227.0900,1581
AMZN,2025-07-21 06:00:00,227.0300,227.1400,227.0000,227.1100,1350
AMZN,2025-07-21 05:45:00,227.0900,227.1500,226.9900,227.0000,2971
AMZN,2025-07-21 05:30:00,226.9500,227.1000,226.9300,227.0600,4958
AMZN,2025-07-21 05:15:00,227.0000,227.0300,226.9100,226.9700,3123
AMZN,2025-07-21 05:00:00,227.0600,227.1000,226.9700,226.9900,4398
AMZN,2025-07-21 04:45:00,226.9500,227.0800,226.9100,227.0800,3410
AMZN,2025-07-21 04:30:00,227.0000,227.0600,226.9400,226.9700,3242
AMZN,2025-07-21 04:15:00,226.9200,227.0300,226.8000,227.0300,7804
AMZN,2025-07-21 04:00:00,226.3500,227.0900,225.9500,226.9200,24914
AMZN,2025-07-18 19:45:00,225.9600,226.0500,225.9500,225.9750,6595
AMZN,2025-07-18 19:30:00,225.9850,226.0000,225.9000,225.9600,2227
AMZN,2025-07-18 19:15:00,225.9800,226.0000,225.9100,226.0000,4713
AMZN,2025-07-18 19:00:00,225.9700,226.0000,225.9000,225.9700,1554
AMZN,2025-07-18 18:45:00,225.9750,226.0000,225.9000,225.9850,1705
AMZN,2025-07-18 18:30:00,225.9900,226.0100,225.9000,225.9500,1682
AMZN,2025-07-18 18:15:00,225.9800,226.0400,225.9600,225.9900,3611
AMZN,2025-07-18 18:00:00,226.0300,226.0400,225.9400,225.9800,4784
AMZN,2025-07-18 17:45:00,226.0500,226.1300,225.9000,225.9700,116077
AMZN,2025-07-18 17:30:00,225.9300,226.0800,213.1340,225.9650,6809
AMZN,2025-07-18 17:15:00,225.9100,227.4800,219.0155,225.9100,12009
AMZN,2025-07-18 17:00:00,225.9400,225.9800,225.8500,225.9100,3861
AMZN,2025-07-18 16:45:00,225.8750,226.1300,225.7500,225.9800,155369
AMZN,2025-07-18 16:30:00,226.0000,226.1300,225.7500,225.8800,258645
AMZN,2025-07-18 16:15:00,226.0111,226.1300,225.9400,226.0000,38812
AMZN,2025-07-18 16:00:00,226.1200,226.2400,225.9000,226.0107,9227090
AMZN,2025-07-18 15:45:00,225.9900,226.4000,225.9000,226.1200,3021949
AMZN,2025-07-18 15:30:00,225.9150,226.0000,225.7235,225.9900,855347
AMZN,2025-07-18 15:15:00,225.8200,226.0100,225.7850,225.9150,709432
AMZN,2025-07-18 15:00:00,225.8550,225.9900,225.7700,225.8200,606321
AMZN,2025-07-18 14:45:00,226.0000,226.0000,225.6950,225.8450,593428
AMZN,2025-07-18 14:30:00,225.9700,226.0200,225.8450,226.0000,1492276
AMZN,2025-07-18 14:15:00,225.7550,226.0000,225.6600,225.9700,900955
AMZN,2025-07-18 14:00:00,225.3300,226.0100,225.3100,225.7500,835007
AMZN,2025-07-18 13:45:00,225.5701,225.6901,225.3000,225.3100,729729
AMZN,2025-07-18 13:30:00,225.9201,225.9600,225.5400,225.5850,576738
AMZN,2025-07-18 13:15:00,225.8800,226.0100,225.8100,225.9250,760329
AMZN,2025-07-18 13:00:00,225.8000,226.0000,225.6200,225.8750,826646
AMZN,2025-07-18 12:45:00,225.3700,226.0000,225.3600,225.7991,1181314
AMZN,2025-07-18 12:30:00,224.8600,225.4150,224.8500,225.3610,703950
AMZN,2025-07-18 12:15:00,225.0800,225.2151,224.5650,224.8700,675221
AMZN,2025-07-18 12:00:00,225.1500,225.2500,224.9000,225.0800,554505
AMZN,2025-07-18 11:45:00,224.8850,225.2100,224.8800,225.1450,996012
AMZN,2025-07-18 11:30:00,224.5250,224.9799,224.5200,224.8899,769841
AMZN,2025-07-18 11:15:00,224.0900,224.6000,224.0200,224.5200,1289409
AMZN,2025-07-18 11:00:00,223.4769,224.3700,223.3400,224.1000,1342410
AMZN,2025-07-18 10:45:00,223.9000,223.9700,222.9800,223.4800,1270190
AMZN,2025-07-18 10:30:00,223.3600,224.0700,223.0500,223.9134,955787
AMZN,2025-07-18 10:15:00,223.8600,223.9100,223.1800,223.3700,1025168
AMZN,2025-07-18 10:00:00,224.3300,224.6500,223.6300,223.8593,1279915
AMZN,2025-07-18 09:45:00,224.8799,225.4900,223.9900,224.2950,1649293
AMZN,2025-07-18 09:30:00,225.1400,225.3300,224.5450,224.8628,4906347
AMZN,2025-07-18 09:15:00,224.5900,226.0500,223.3350,225.0600,412376
AMZN,2025-07-18 09:00:00,224.3400,224.6700,224.3100,224.6000,39239
AMZN,2025-07-18 08:45:00,224.2500,224.3800,224.2500,224.3400,9852
AMZN,2025-07-18 08:30:00,224.2000,224.3500,223.8800,224.3000,12616
AMZN,2025-07-18 08:15:00,224.2500,224.3500,224.1000,224.2350,13234
AMZN,2025-07-18 08:00:00,224.3988,224.5000,223.7700,224.3000,88290
AMZN,2025-07-18 07:45:00,224.1200,224.3100,224.0600,224.2000,8732
AMZN,2025-07-18 07:30:00,224.1900,224.2100,224.1100,224.1200,2535
AMZN,2025-07-18 07:15:00,224.1700,224.2300,224.1100,224.1700,2434
AMZN,2025-07-18 07:00:00,224.2500,224.4000,224.1500,224.1900,6420
AMZN,2025-07-18 06:45:00,224.1400,224.4000,224.1100,224.2400,5908
AMZN,2025-07-18 06:30:00,224.1200,224.1800,224.0000,224.1600,2165
AMZN,2025-07-18 06:15:00,224.3200,224.3200,224.0300,224.0400,3268
AMZN,2025-07-18 06:00:00,224.3000,224.3600,224.2600,224.3100,889
AMZN,2025-07-18 05:45:00,224.2600,224.4200,224.2500,224.3700,8166
AMZN,2025-07-18 05:30:00,224.2500,224.3400,224.2300,224.2400,1576
AMZN,2025-07-18 05:15:00,224.3100,224.3100,224.2100,224.2300,486
AMZN,2025-07-18 05:00:00,224.0900,224.2700,224.0900,224.2700,1342
AMZN,2025-07-18 04:45:00,224.0900,224.1700,224.0500,224.1000,1994
AMZN,2025-07-18 04:30:00,224.1000,224.1000,224.0000,224.0500,3187
AMZN,2025-07-18 04:15:00,224.0600,224.1000,223.7600,224.0900,7989
AMZN,2025-07-18 04:00:00,224.4400,224.4400,223.9000,223.9400,13907
AMZN,2025-07-17 19:45:00,224.2550,224.5000,224.1600,224.3300,9218
AMZN,2025-07-17 19:30:00,224.3200,224.3500,224.1600,224.2500,5717
AMZN,2025-07-17 19:15:00,224.3200,224.5000,224.2100,224.3200,6768
AMZN,2025-07-17 19:00:00,224.1200,224.3500,224.0301,224.3200,8550
AMZN,2025-07-17 18:45:00,224.0799,224.1500,224.0000,224.1000,4730
AMZN,2025-07-17 18:30:00,224.0400,224.0800,224.0000,224.0100,14339
AMZN,2025-07-17 18:15:00,224.0350,224.1000,224.0000,224.0400,2379
AMZN,2025-07-17 18:00:00,224.0250,224.0700,224.0000,224.0700,3443
AMZN,2025-07-17 17:45:00,224.1200,224.1200,223.8800,224.0000,30899
AMZN,2025-07-17 17:30:00,224.0500,224.1200,224.0000,224.0700,9270
AMZN,2025-07-17 17:15:00,224.1200,224.1400,223.9700,224.0500,7282
AMZN,2025-07-17 17:00:00,224.1400,237.3327,219.5741,224.1100,12611
AMZN,2025-07-17 16:45:00,224.0000,224.1500,220.5015,224.1100,8460
AMZN,2025-07-17 16:30:00,224.0200,224.1500,223.8800,224.0500,12896
AMZN,2025-07-17 16:15:00,223.8700,224.1500,223.8000,224.1000,44093
AMZN,2025-07-17 16:00:00,223.9800,224.1500,221.2150,223.8700,8864403
AMZN,2025-07-17 15:45:00,224.1669,224.5000,223.7300,223.9900,3667919
AMZN,2025-07-17 15:30:00,223.9800,224.4500,223.9014,224.1700,1212927
AMZN,2025-07-17 15:15:00,223.8390,224.0452,223.7500,223.9850,752955
AMZN,2025-07-17 15:00:00,223.4900,223.9200,223.4847,223.8350,1150842
AMZN,2025-07-17 14:45:00,223.8400,223.8800,223.4200,223.4881,569678
AMZN,2025-07-17 14:30:00,223.9400,223.9700,223.7400,223.8400,583637
AMZN,2025-07-17 14:15:00,223.6900,223.9650,223.6300,223.9400,580378
AMZN,2025-07-17 14:00:00,223.8800,223.9900,223.6700,223.6990,581199
AMZN,2025-07-17 13:45:00,223.7600,223.9750,223.7200,223.8750,492305
AMZN,2025-07-17 13:30:00,223.7100,223.8800,223.6600,223.7500,392198
AMZN,2025-07-17 13:15:00,223.8300,223.9700,223.5100,223.7200,984603
AMZN,2025-07-17 13:00:00,223.9198,224.1000,223.7400,223.8300,700803
AMZN,2025-07-17 12:45:00,223.6100,223.9800,223.5700,223.9200,563760
AMZN,2025-07-17 12:30:00,223.6900,223.8450,223.5200,223.6100,519595
AMZN,2025-07-17 12:15:00,223.7400,223.8500,223.5000,223.6800,629448
AMZN,2025-07-17 12:00:00,223.7100,223.9000,223.6500,223.7393,581383
AMZN,2025-07-17 11:45:00,223.4700,223.7700,223.3276,223.7200,866354
AMZN,2025-07-17 11:30:00,223.7600,223.7700,223.3500,223.4691,895296
AMZN,2025-07-17 11:15:00,223.8200,224.0050,222.5700,223.7600,1626792
AMZN,2025-07-17 11:00:00,223.2700,223.9300,223.2050,223.8299,849808
AMZN,2025-07-17 10:45:00,223.0100,223.3900,222.9300,223.2700,828420
AMZN,2025-07-17 10:30:00,222.6100,223.0900,222.5800,223.0102,1051129
AMZN,2025-07-17 10:15:00,223.1002,223.3400,222.5100,222.6204,1270590
AMZN,2025-07-17 10:00:00,223.5400,223.9618,222.8200,223.1300,1177556
AMZN,2025-07-17 09:45:00,223.7250,224.2485,223.3500,223.5350,1239630
AMZN,2025-07-17 09:30:00,223.3200,223.9400,222.6400,223.7100,2276191
AMZN,2025-07-17 09:15:00,223.6800,226.0050,222.8000,223.3900,40118
AMZN,2025-07-17 09:00:00,223.6800,223.7100,223.5500,223.6100,21407
AMZN,2025-07-17 08:45:00,223.6600,223.7000,223.5000,223.6999,36773
AMZN,2025-07-17 08:30:00,223.5400,223.8000,223.3600,223.6990,34428
AMZN,2025-07-17 08:15:00,223.5799,223.6100,223.2800,223.4800,7902
AMZN,2025-07-17 08:00:00,223.5700,224.0500,223.1000,223.4900,87946
AMZN,2025-07-17 07:45:00,223.5800,223.6100,223.4300,223.5700,3630
AMZN,2025-07-17 07:30:00,223.6200,223.6400,223.5200,223.5300,3556
AMZN,2025-07-17 07:15:00,223.5000,223.6900,223.4000,223.5900,3519
AMZN,2025-07-17 07:00:00,223.4300,223.5200,223.2500,223.4600,6958
AMZN,2025-07-17 06:45:00,223.8200,223.8500,223.3700,223.3700,14699
AMZN,2025-07-17 06:30:00,223.9500,224.0000,223.7900,223.7900,2634
AMZN,2025-07-17 06:15:00,223.9500,224.0100,223.9000,223.9700,3084
AMZN,2025-07-17 06:00:00,223.9000,223.9700,223.8700,223.9500,1745
AMZN,2025-07-17 05:45:00,223.9600,224.0000,223.8700,223.9000,2549
AMZN,2025-07-17 05:30:00,223.8600,224.0000,223.8500,223.9300,6450
AMZN,2025-07-17 05:15:00,223.8700,223.9300,223.7400,223.8800,1569
AMZN,2025-07-17 05:00:00,223.7900,223.9100,223.7500,223.8700,4551
AMZN,2025-07-17 04:45:00,223.7900,223.8800,223.6300,223.7100,1974
AMZN,2025-07-17 04:30:00,223.6600,223.8500,223.5600,223.7600,9409
AMZN,2025-07-17 04:15:00,223.6600,223.7800,223.5500,223.6000,7203
AMZN,2025-07-17 04:00:00,223.9900,223.9900,223.1800,223.7300,14229
AMZN,2025-07-16 19:45:00,223.1800,223.2000,223.0400,223.1600,15183
AMZN,2025-07-16 19:30:00,223.2000,223.2700,223.0000,223.1800,21536
AMZN,2025-07-16 19:15:00,223.2250,223.2800,223.1000,223.2000,5323
AMZN,2025-07-16 19:00:00,223.2000,223.2800,223.1300,223.2800,7693
AMZN,2025-07-16 18:45:00,223.2800,223.2800,223.1100,223.1800,8816
AMZN,2025-07-16 18:30:00,223.1900,223.3000,223.1500,223.2000,7580
AMZN,2025-07-16 18:15:00,223.2900,223.3200,223.1600,223.2300,9917
AMZN,2025-07-16 18:00:00,223.4400,223.4700,223.2000,223.3000,16683
AMZN,2025-07-16 17:45:00,223.4800,223.5000,223.3700,223.4790,6415
AMZN,2025-07-16 17:30:00,223.4000,225.9200,223.3500,223.4300,12692
AMZN,2025-07-16 17:15:00,223.3350,225.9200,223.2700,223.4000,9469
AMZN,2025-07-16 17:00:00,223.2800,223.4100,223.2600,223.3208,8503
AMZN,2025-07-16 16:45:00,223.1900,228.9420,208.1669,223.2800,166846
AMZN,2025-07-16 16:30:00,223.1500,223.2500,223.1500,223.2000,38057
AMZN,2025-07-16 16:15:00,223.1600,225.9200,223.1300,223.1900,35513
AMZN,2025-07-16 16:00:00,223.1800,223.4100,223.0700,223.2300,10814302
AMZN,2025-07-16 15:45:00,223.4200,223.4500,222.9700,223.1800,2264129
AMZN,2025-07-16 15:30:00,223.1900,223.5400,222.9800,223.4250,1265691
AMZN,2025-07-16 15:15:00,223.3100,223.3550,222.9200,223.1900,1087043
AMZN,2025-07-16 15:00:00,223.3900,223.4350,223.2000,223.2901,903832
AMZN,2025-07-16 14:45:00,223.2699,223.4450,223.0650,223.4069,881697
AMZN,2025-07-16 14:30:00,223.1900,223.4200,223.1693,223.2687,680756
AMZN,2025-07-16 14:15:00,223.1800,223.3400,223.0350,223.2000,644302
AMZN,2025-07-16 14:00:00,222.9850,223.1999,222.6700,223.1800,724702
AMZN,2025-07-16 13:45:00,222.8400,223.1900,222.7548,222.9844,749441
AMZN,2025-07-16 13:30:00,223.0400,223.1100,222.6900,222.8493,771273
AMZN,2025-07-16 13:15:00,223.3300,223.3500,222.8400,223.0400,906706
AMZN,2025-07-16 13:00:00,223.6900,223.7250,223.2200,223.3301,638705
AMZN,2025-07-16 12:45:00,223.4900,223.7300,223.0950,223.6800,595053
AMZN,2025-07-16 12:30:00,223.3700,223.6900,223.2000,223.5000,469241
AMZN,2025-07-16 12:15:00,223.4200,223.8150,223.0200,223.3600,731721
AMZN,2025-07-16 12:00:00,223.5250,223.8100,223.3500,223.4200,833315
AMZN,2025-07-16 11:45:00,223.1600,223.9900,222.6709,223.5250,1498497
AMZN,2025-07-16 11:30:00,224.2200,224.2500,222.1800,223.1300,2107502
AMZN,2025-07-16 11:15:00,225.2800,225.3169,223.1300,224.2050,2272449
AMZN,2025-07-16 11:00:00,224.7200,225.4400,224.7000,225.2900,749380
AMZN,2025-07-16 10:45:00,225.3500,225.6700,224.3500,224.7300,1592272
AMZN,2025-07-16 10:30:00,225.2700,225.7300,225.0600,225.3500,903812
AMZN,2025-07-16 10:15:00,225.1700,225.4499,224.7801,225.2850,1144055
AMZN,2025-07-16 10:00:00,223.9800,225.5300,223.8668,225.1800,1650842
AMZN,2025-07-16 09:45:00,224.4000,225.0800,223.7500,223.9800,2402557
AMZN,2025-07-16 09:30:00,225.8750,226.1000,223.8000,224.3900,3716615
AMZN,2025-07-16 09:15:00,226.0500,226.1700,225.4000,225.9200,45205
AMZN,2025-07-16 09:00:00,225.9900,226.3500,225.8500,226.0900,24856
AMZN,2025-07-16 08:45:00,225.8000,226.0000,225.7600,225.9500,27417
AMZN,2025-07-16 08:30:00,225.5000,226.3500,225.3600,225.8000,74626
AMZN,2025-07-16 08:15:00,225.1500,225.5000,225.0892,225.4900,22838
AMZN,2025-07-16 08:00:00,225.6200,226.3988,224.6241,225.1800,114453
AMZN,2025-07-16 07:45:00,225.1600,225.2200,224.9800,225.2000,21659
AMZN,2025-07-16 07:30:00,225.1000,225.1600,225.0100,225.1000,7195
AMZN,2025-07-16 07:15:00,225.1500,225.2000,225.0000,225.1500,31338
AMZN,2025-07-16 07:00:00,225.1500,225.5500,225.1100,225.1400,19283
AMZN,2025-07-16 06:45:00,225.0500,225.1900,224.8800,225.1500,12364
AMZN,2025-07-16 06:30:00,225.3000,225.4000,224.5000,224.9100,30817
AMZN,2025-07-16 06:15:00,225.3600,225.4300,225.2500,225.3000,1538
AMZN,2025-07-16 06:00:00,225.3100,225.3500,225.0100,225.3100,4064
AMZN,2025-07-16 05:45:00,225.1200,225.4500,225.0300,225.3300,7759
AMZN,2025-07-16 05:30:00,224.9600,225.3100,224.8800,225.1200,10281
AMZN,2025-07-16 05:15:00,226.2100,226.2200,224.6000,224.9900,62110
AMZN,2025-07-16 05:00:00,226.2200,226.2900,226.1500,226.2200,1250
AMZN,2025-07-16 04:45:00,226.3200,226.4000,226.1500,226.3000,4899
AMZN,2025-07-16 04:30:00,226.0800,226.3700,226.0400,226.3500,9610
AMZN,2025-07-16 04:15:00,226.0000,226.1500,225.8800,226.0400,5359
AMZN,2025-07-16 04:00:00,225.9200,226.1100,225.4300,226.0000,11038
AMZN,2025-07-15 19:45:00,225.8800,226.0000,225.8100,225.8500,9250
AMZN,2025-07-15 19:30:00,225.7700,225.9000,225.7700,225.8800,6924
AMZN,2025-07-15 19:15:00,225.8800,225.9400,225.7500,225.7700,5309
AMZN,2025-07-15 19:00:00,225.9500,226.0000,225.7600,225.8800,2481
AMZN,2025-07-15 18:45:00,225.7800,226.0000,225.7500,226.0000,6645
AMZN,2025-07-15 18:30:00,225.9547,226.1400,225.5000,225.7800,11073
AMZN,2025-07-15 18:15:00,225.9500,226.1500,225.8000,225.9500,13491
AMZN,2025-07-15 18:00:00,225.9000,226.4200,225.8000,226.0100,8008
AMZN,2025-07-15 17:45:00,226.0000,226.1800,225.8500,225.9000,4878
AMZN,2025-07-15 17:30:00,226.0500,226.1900,225.7700,226.0200,6604
AMZN,2025-07-15 17:15:00,226.0249,226.1900,225.9100,226.0000,10446
AMZN,2025-07-15 17:00:00,226.1250,226.3500,226.0100,226.1050,736936
AMZN,2025-07-15 16:45:00,226.1115,253.4462,172.9465,226.1250,7109
AMZN,2025-07-15 16:30:00,226.1500,226.3500,219.7402,226.2000,153060
AMZN,2025-07-15 16:15:00,226.3500,226.3500,226.0000,226.2400,22541
AMZN,2025-07-15 16:00:00,226.3000,226.5100,225.7700,226.0200,7749944
AMZN,2025-07-15 15:45:00,226.9600,227.1500,226.2400,226.3000,2498497
AMZN,2025-07-15 15:30:00,226.3100,227.0700,226.3100,226.9496,974355
AMZN,2025-07-15 15:15:00,226.4100,226.7200,226.2500,226.3000,725390
AMZN,2025-07-15 15:00:00,226.2100,226.4300,226.1100,226.4100,569324
AMZN,2025-07-15 14:45:00,226.7700,226.8650,226.2000,226.2300,672927
AMZN,2025-07-15 14:30:00,226.8400,226.9250,226.5300,226.7700,601458
AMZN,2025-07-15 14:15:00,226.8301,226.9900,226.7650,226.8400,575961
AMZN,2025-07-15 14:00:00,226.7900,227.0400,226.7600,226.8400,983650
AMZN,2025-07-15 13:45:00,226.4804,226.8200,226.3300,226.7900,470854
AMZN,2025-07-15 13:30:00,225.9600,226.5000,225.9519,226.4975,630344
AMZN,2025-07-15 13:15:00,225.9597,226.1351,225.7800,225.9600,520655
AMZN,2025-07-15 13:00:00,225.9100,226.4000,225.7500,225.9650,937632
AMZN,2025-07-15 12:45:00,226.2100,226.5100,225.8600,225.9100,785793
AMZN,2025-07-15 12:30:00,226.5900,226.7000,226.1500,226.2150,667405
AMZN,2025-07-15 12:15:00,226.7700,226.8500,226.4700,226.6000,810453
AMZN,2025-07-15 12:00:00,226.9800,227.2700,226.4800,226.7750,1406662
AMZN,2025-07-15 11:45:00,226.5826,227.0300,226.5750,226.9700,1286727
AMZN,2025-07-15 11:30:00,226.6700,226.7400,226.3812,226.5900,687217
AMZN,2025-07-15 11:15:00,226.0400,226.7300,226.0205,226.6800,923261
AMZN,2025-07-15 11:00:00,225.6800,226.2700,225.6400,226.0200,1040275
AMZN,2025-07-15 10:45:00,226.0550,226.4500,225.5650,225.6700,994989
AMZN,2025-07-15 10:30:00,226.8350,226.9000,225.8515,226.0700,1343536
AMZN,2025-07-15 10:15:00,226.9700,227.1400,225.9601,226.8600,1758010
AMZN,2025-07-15 10:00:00,226.8400,227.2000,226.7000,226.9700,2098812
AMZN,2025-07-15 09:45:00,226.2100,226.9500,225.8600,226.8205,1633457
AMZN,2025-07-15 09:30:00,226.2000,227.1900,225.4550,226.2100,3235877
AMZN,2025-07-15 09:15:00,226.4300,226.9600,226.0500,226.1100,89501
AMZN,2025-07-15 09:00:00,226.3500,226.5000,225.2650,226.3200,23810
AMZN,2025-07-15 08:45:00,226.1200,226.5000,226.1200,226.4000,22918
AMZN,2025-07-15 08:30:00,225.9600,226.6600,225.8000,226.1200,62716
AMZN,2025-07-15 08:15:00,226.1100,226.1600,225.6600,225.8850,27559
AMZN,2025-07-15 08:00:00,226.1000,226.4500,225.2800,226.1100,102178
AMZN,2025-07-15 07:45:00,226.3000,226.4000,226.1000,226.3800,5151
AMZN,2025-07-15 07:30:00,226.3200,226.4200,226.2500,226.3000,11193
AMZN,2025-07-15 07:15:00,226.3300,226.4500,226.2000,226.3500,9490
AMZN,2025-07-15 07:00:00,226.1000,226.3900,226.0300,226.3300,19975
AMZN,2025-07-15 06:45:00,226.1400,226.1600,225.9100,226.1200,11499
AMZN,2025-07-15 06:30:00,226.2600,226.3300,226.1100,226.1400,7357
AMZN,2025-07-15 06:15:00,226.0300,226.3600,226.0000,226.2600,17070
AMZN,2025-07-15 06:00:00,226.0500,226.1300,225.9700,226.0300,2490
AMZN,2025-07-15 05:45:00,225.8500,226.2000,225.7500,226.1000,19764
AMZN,2025-07-15 05:30:00,225.6300,225.9600,225.6200,225.8200,10184
AMZN,2025-07-15 05:15:00,225.4500,225.7700,225.3800,225.6900,8908
AMZN,2025-07-15 05:00:00,225.7200,225.7200,225.3900,225.4100,4946
AMZN,2025-07-15 04:45:00,225.8000,225.9000,225.6000,225.7200,5315
AMZN,2025-07-15 04:30:00,225.7500,225.8500,225.5000,225.8000,3917
AMZN,2025-07-15 04:15:00,225.9300,225.9300,225.5200,225.7700,7565
AMZN,2025-07-15 04:00:00,225.6300,226.4000,225.6300,225.9000,19048
AMZN,2025-07-14 19:45:00,225.3306,225.3900,225.2500,225.3400,5678
AMZN,2025-07-14 19:30:00,225.3200,225.4400,225.3200,225.3300,2125
AMZN,2025-07-14 19:15:00,225.4500,225.4500,225.3100,225.3800,1733
AMZN,2025-07-14 19:00:00,225.4000,225.4900,225.3000,225.3500,2430
AMZN,2025-07-14 18:45:00,225.3200,225.5000,225.3100,225.4601,3015
AMZN,2025-07-14 18:30:00,225.3100,225.4000,225.3100,225.3300,3123
AMZN,2025-07-14 18:15:00,225.5200,225.5800,225.3100,225.3100,4324
AMZN,2025-07-14 18:00:00,225.5450,225.5900,225.4300,225.5200,2694
AMZN,2025-07-14 17:45:00,225.5500,225.6900,225.5000,225.5800,10644
AMZN,2025-07-14 17:30:00,225.5300,225.5800,182.0344,225.5400,7802
AMZN,2025-07-14 17:15:00,225.5400,263.3632,182.0344,225.5350,56010
AMZN,2025-07-14 17:00:00,225.4850,225.6000,210.1337,225.5200,9887
AMZN,2025-07-14 16:45:00,225.5900,225.6900,212.5388,225.4850,55443
AMZN,2025-07-14 16:30:00,225.5000,225.6900,225.4100,225.5300,10849
AMZN,2025-07-14 16:15:00,225.6900,225.7119,225.4000,225.4550,83206
AMZN,2025-07-14 16:00:00,225.6100,225.6900,225.4096,225.5700,12156815
AMZN,2025-07-14 15:45:00,225.0300,225.7400,224.9700,225.6300,1943792
AMZN,2025-07-14 15:30:00,225.3200,225.3700,224.9150,225.0300,1004791
AMZN,2025-07-14 15:15:00,225.4900,225.6300,225.2200,225.3335,734869
AMZN,2025-07-14 15:00:00,225.3100,225.5500,225.3000,225.4900,648973
AMZN,2025-07-14 14:45:00,225.2950,225.4798,225.1800,225.2902,463307
AMZN,2025-07-14 14:30:00,225.4600,225.4850,225.0600,225.2850,632573
AMZN,2025-07-14 14:15:00,225.4000,225.5500,225.1600,225.4500,636877
AMZN,2025-07-14 14:00:00,225.5550,225.6253,225.3000,225.4087,514101
AMZN,2025-07-14 13:45:00,225.9000,225.9000,225.4750,225.5532,597065
AMZN,2025-07-14 13:30:00,225.7700,226.1500,225.7700,225.9080,496050
AMZN,2025-07-14 13:15:00,226.0600,226.1650,225.6850,225.7550,561736
AMZN,2025-07-14 13:00:00,225.8850,226.0900,225.8750,226.0600,515873
AMZN,2025-07-14 12:45:00,225.8200,225.9700,225.4800,225.8800,624418
AMZN,2025-07-14 12:30:00,226.0000,226.1500,225.7900,225.8200,823242
AMZN,2025-07-14 12:15:00,225.9050,226.0500,225.6400,225.9950,912054
AMZN,2025-07-14 12:00:00,225.7300,225.9300,225.5517,225.9100,523483
AMZN,2025-07-14 11:45:00,225.6200,225.7400,225.4300,225.7300,502011
AMZN,2025-07-14 11:30:00,225.8800,225.9400,225.5300,225.6000,688019
AMZN,2025-07-14 11:15:00,226.0800,226.1800,225.6500,225.8800,793982
AMZN,2025-07-14 11:00:00,226.2700,226.6600,225.9000,226.0696,1459755
AMZN,2025-07-14 10:45:00,225.8900,226.3100,225.8200,226.2700,1148274
AMZN,2025-07-14 10:30:00,225.3200,226.1500,225.1300,225.9000,1142835
AMZN,2025-07-14 10:15:00,225.1744,225.8799,225.0400,225.3200,1351534
AMZN,2025-07-14 10:00:00,225.9850,226.3300,225.1600,225.1700,1841420
AMZN,2025-07-14 09:45:00,224.5600,226.2500,224.2400,225.9850,3278064
AMZN,2025-07-14 09:30:00,225.0700,226.0100,224.4100,224.5700,3667462
AMZN,2025-07-14 09:15:00,224.9800,225.5500,223.3450,225.0100,108627
AMZN,2025-07-14 09:00:00,225.0400,225.1900,224.9100,224.9800,22160
AMZN,2025-07-14 08:45:00,225.1900,225.2000,224.9900,225.1000,34406
AMZN,2025-07-14 08:30:00,225.0600,225.2000,224.9100,225.1550,33712
AMZN,2025-07-14 08:15:00,224.9500,225.1900,224.7700,225.0900,27365
AMZN,2025-07-14 08:00:00,225.0500,225.2500,223.1300,224.9500,128016
AMZN,2025-07-14 07:45:00,225.0400,225.2200,224.8900,225.0500,21173
AMZN,2025-07-14 07:30:00,224.4900,225.0200,224.3800,224.9900,36067
AMZN,2025-07-14 07:15:00,224.8700,224.8700,224.2000,224.4900,24229
AMZN,2025-07-14 07:00:00,224.2300,224.9500,224.1500,224.7700,41952
AMZN,2025-07-14 06:45:00,223.9600,224.2800,223.8700,224.2400,17735
AMZN,2025-07-14 06:30:00,223.8000,223.9900,223.6600,223.9600,4290
AMZN,2025-07-14 06:15:00,224.0600,224.0700,223.7600,223.8000,5338
AMZN,2025-07-14 06:00:00,224.1200,224.1800,223.8900,224.0700,5495
AMZN,2025-07-14 05:45:00,224.1500,224.2000,224.0100,224.0800,3410
AMZN,2025-07-14 05:30:00,223.9800,224.1900,223.8100,224.1500,7180
AMZN,2025-07-14 05:15:00,223.7000,224.0000,223.5600,223.9800,11491
AMZN,2025-07-14 05:00:00,223.8000,223.8200,223.6300,223.7100,4193
AMZN,2025-07-14 04:45:00,223.5000,223.9500,223.4900,223.7800,6422
AMZN,2025-07-14 04:30:00,223.4700,223.5500,223.3600,223.5200,7143
AMZN,2025-07-14 04:15:00,223.7300,223.8200,223.2900,223.3700,8945
AMZN,2025-07-14 04:00:00,224.7800,224.7800,223.5900,223.7300,24793
AMZN,2025-07-11 19:45:00,224.9200,224.9500,224.6200,224.8250,10199
AMZN,2025-07-11 19:30:00,224.9400,225.0000,224.9000,224.9200,2916
AMZN,2025-07-11 19:15:00,224.9550,225.0000,224.9200,224.9550,3466
AMZN,2025-07-11 19:00:00,224.9200,224.9800,224.9200,224.9550,1788
AMZN,2025-07-11 18:45:00,224.9350,224.9800,224.9200,224.9500,2597
AMZN,2025-07-11 18:30:00,224.9800,224.9800,224.9200,224.9350,4643
AMZN,2025-07-11 18:15:00,224.9800,225.0000,224.9200,224.9900,2218
AMZN,2025-07-11 18:00:00,224.9603,225.0000,224.9200,224.9850,1578
AMZN,2025-07-11 17:45:00,224.9800,225.0000,215.3202,224.9600,7876
AMZN,2025-07-11 17:30:00,225.0000,225.0000,224.9100,225.0000,8553
AMZN,2025-07-11 17:15:00,225.0500,225.2000,221.5176,224.9900,71053
AMZN,2025-07-11 17:00:00,225.0300,233.3059,215.3202,225.0400,16036
AMZN,2025-07-11 16:45:00,224.9300,233.3059,209.6900,225.0450,43894
AMZN,2025-07-11 16:30:00,224.9300,225.0200,224.8500,224.9500,132644
AMZN,2025-07-11 16:15:00,225.0200,225.0200,224.8700,224.9350,19629
AMZN,2025-07-11 16:00:00,224.9900,225.7860,224.7900,224.8700,6905105
AMZN,2025-07-11 15:45:00,225.0800,225.6100,224.9600,224.9900,3151029
AMZN,2025-07-11 15:30:00,225.7900,225.7900,225.0600,225.0890,1345332
AMZN,2025-07-11 15:15:00,225.7300,226.1100,225.6800,225.7900,1018077
AMZN,2025-07-11 15:00:00,225.6950,225.8350,225.0800,225.7218,1181934
AMZN,2025-07-11 14:45:00,226.0950,226.1450,225.6900,225.7000,973372
AMZN,2025-07-11 14:30:00,226.0950,226.1950,225.9600,226.0900,767327
AMZN,2025-07-11 14:15:00,226.6100,226.6350,224.3100,226.1000,1021870
AMZN,2025-07-11 14:00:00,225.7900,226.6799,225.7400,226.6100,1809648
AMZN,2025-07-11 13:45:00,225.3600,225.9000,225.3200,225.7950,1017536
AMZN,2025-07-11 13:30:00,225.5800,225.7500,224.9500,225.3550,912844
AMZN,2025-07-11 13:15:00,225.5400,225.7600,225.3000,225.5800,932035
AMZN,2025-07-11 13:00:00,225.4550,225.5400,225.2400,225.5250,793448
AMZN,2025-07-11 12:45:00,224.9000,225.5000,224.1750,225.4500,744950
AMZN,2025-07-11 12:30:00,225.2700,225.3100,224.8450,224.9100,773719
AMZN,2025-07-11 12:15:00,225.4300,225.5000,225.0150,225.2601,895215
AMZN,2025-07-11 12:00:00,225.7400,225.7600,225.1100,225.4300,1525547
AMZN,2025-07-11 11:45:00,225.3200,225.8400,225.2000,225.7500,2726142
AMZN,2025-07-11 11:30:00,224.5250,225.4800,224.5230,225.3300,2146995
AMZN,2025-07-11 11:15:00,224.2700,224.6300,224.2200,224.5300,1368611
AMZN,2025-07-11 11:00:00,224.8200,225.2900,224.1800,224.2900,3287793
AMZN,2025-07-11 10:45:00,224.3600,224.8500,223.7300,224.8300,2049046
AMZN,2025-07-11 10:30:00,224.4000,224.4600,224.2300,224.3800,1243491
AMZN,2025-07-11 10:15:00,224.2950,224.8800,224.1450,224.3756,3134089
AMZN,2025-07-11 10:00:00,224.3000,224.6891,224.0600,224.2900,2787764
AMZN,2025-07-11 09:45:00,222.5700,224.4500,222.5300,224.3100,2812168
AMZN,2025-07-11 09:30:00,223.5800,224.7700,222.3700,222.5850,4804705
AMZN,2025-07-11 09:15:00,223.2500,224.1900,222.9000,223.4700,201293
AMZN,2025-07-11 09:00:00,223.3500,223.3900,222.9000,223.1500,57886
AMZN,2025-07-11 08:45:00,223.1098,223.5100,223.0700,223.3700,45156
AMZN,2025-07-11 08:30:00,223.0800,223.4100,222.7700,223.0700,120575
AMZN,2025-07-11 08:15:00,223.9000,224.0000,217.1200,223.0700,72531
AMZN,2025-07-11 08:00:00,223.2000,224.0700,221.1450,223.9600,235451
AMZN,2025-07-11 07:45:00,223.2100,223.8600,223.2000,223.5500,45826
AMZN,2025-07-11 07:30:00,223.1000,223.4500,223.0400,223.2800,42856
AMZN,2025-07-11 07:15:00,222.8900,223.1400,222.8400,223.1400,16708
AMZN,2025-07-11 07:00:00,222.6900,223.1200,222.5300,222.8900,44286
AMZN,2025-07-11 06:45:00,222.4200,222.9900,222.4100,222.6000,34987
AMZN,2025-07-11 06:30:00,222.2600,222.5000,222.2600,222.3900,15156
AMZN,2025-07-11 06:15:00,222.1900,222.4500,222.1100,222.1700,12185
AMZN,2025-07-11 06:00:00,221.9800,222.2300,221.7500,222.2000,6670
AMZN,2025-07-11 05:45:00,222.4800,222.7400,221.8800,222.0200,17737
AMZN,2025-07-11 05:30:00,221.8000,222.5000,221.7000,222.5000,24285
AMZN,2025-07-11 05:15:00,221.8100,222.0000,221.7800,221.7800,4957
AMZN,2025-07-11 05:00:00,221.8500,222.1500,221.7000,221.8100,19314
AMZN,2025-07-11 04:45:00,221.7100,221.9500,221.5000,221.8900,15312
AMZN,2025-07-11 04:30:00,221.5700,221.8700,221.3200,221.7400,9384
AMZN,2025-07-11 04:15:00,221.3200,221.7500,221.0600,221.5700,24098
AMZN,2025-07-11 04:00:00,223.2500,223.3800,221.1400,221.3400,36477
AMZN,2025-07-10 19:45:00,223.7400,223.8000,223.6600,223.7299,19334
AMZN,2025-07-10 19:30:00,223.6301,223.8300,223.6300,223.7010,13760
AMZN,2025-07-10 19:15:00,223.8300,223.8300,223.6300,223.6500,6001
AMZN,2025-07-10 19:00:00,223.6000,223.8500,223.6000,223.8000,9793
AMZN,2025-07-10 18:45:00,223.6100,223.6800,223.6000,223.6200,5097
AMZN,2025-07-10 18:30:00,223.6490,223.7000,223.6100,223.6450,4770
AMZN,2025-07-10 18:15:00,223.6500,223.7100,223.6000,223.6100,8060
AMZN,2025-07-10 18:00:00,223.5100,223.9300,223.5000,223.6500,21983
AMZN,2025-07-10 17:45:00,223.4900,223.6000,222.2600,223.5000,38617
AMZN,2025-07-10 17:30:00,223.5300,223.6000,223.4000,223.4900,24601
AMZN,2025-07-10 17:15:00,223.6800,223.7900,223.5200,223.5300,27700
AMZN,2025-07-10 17:00:00,223.5400,223.9000,211.1971,223.6750,50744
AMZN,2025-07-10 16:45:00,223.4400,223.7500,209.5124,223.5400,62920
AMZN,2025-07-10 16:30:00,223.2300,223.5500,222.2600,223.3100,84638
AMZN,2025-07-10 16:15:00,222.0300,223.4700,221.9500,223.3300,299163
AMZN,2025-07-10 16:00:00,222.2200,223.3300,221.8400,222.0000,7310540
AMZN,2025-07-10 15:45:00,222.3550,222.4250,221.7000,222.2800,2029153
AMZN,2025-07-10 15:30:00,222.0500,222.4600,221.9200,222.3513,759027
AMZN,2025-07-10 15:15:00,222.2100,222.2550,221.9300,222.0600,582895
AMZN,2025-07-10 15:00:00,222.1300,222.2900,222.1200,222.2000,439003
AMZN,2025-07-10 14:45:00,222.4400,222.5100,222.0700,222.1300,469731
AMZN,2025-07-10 14:30:00,222.6000,222.6600,222.4387,222.4500,581105
AMZN,2025-07-10 14:15:00,222.7150,222.7700,222.4800,222.6000,568922
AMZN,2025-07-10 14:00:00,222.6600,222.7700,222.4900,222.7050,504298
AMZN,2025-07-10 13:45:00,222.5850,222.7900,222.3500,222.6700,583353
AMZN,2025-07-10 13:30:00,222.2900,222.7300,222.2900,222.5701,722141
AMZN,2025-07-10 13:15:00,222.2847,222.4500,222.1700,222.2900,706750
AMZN,2025-07-10 13:00:00,222.0200,222.6100,222.0100,222.2850,790408
AMZN,2025-07-10 12:45:00,222.0500,222.2200,221.7600,222.0250,563526
AMZN,2025-07-10 12:30:00,222.0900,222.1250,221.7900,222.0500,742354
AMZN,2025-07-10 12:15:00,221.9500,222.2299,221.7650,222.0850,769685
AMZN,2025-07-10 12:00:00,222.1000,222.2200,221.5400,221.9550,1127973
AMZN,2025-07-10 11:45:00,221.4100,222.1200,221.3500,222.1100,788912
AMZN,2025-07-10 11:30:00,221.6300,221.7000,221.2000,221.4150,588998
AMZN,2025-07-10 11:15:00,220.8200,221.7600,220.7900,221.6347,739828
AMZN,2025-07-10 11:00:00,221.2900,221.5704,220.7900,220.8050,1362781
AMZN,2025-07-10 10:45:00,220.6647,221.3300,220.6100,221.2800,1053251
AMZN,2025-07-10 10:30:00,220.2700,220.9500,220.2600,220.6603,1032984
AMZN,2025-07-10 10:15:00,220.6423,221.0900,219.9400,220.2600,1204560
AMZN,2025-07-10 10:00:00,220.5600,220.6700,219.7000,220.6300,1786233
AMZN,2025-07-10 09:45:00,221.2500,221.2900,220.2150,220.5650,2403872
AMZN,2025-07-10 09:30:00,221.5500,222.3685,221.1500,221.2599,2384413
AMZN,2025-07-10 09:15:00,221.7600,222.5400,221.5300,221.5300,45511
AMZN,2025-07-10 09:00:00,221.7550,221.9200,221.6400,221.8399,33987
AMZN,2025-07-10 08:45:00,221.8200,221.8800,221.5800,221.7600,29991
AMZN,2025-07-10 08:30:00,221.8100,221.9200,221.6000,221.6500,25408
AMZN,2025-07-10 08:15:00,221.8200,222.5400,221.7000,221.8500,17854
AMZN,2025-07-10 08:00:00,221.8600,222.5400,221.5200,221.8100,98109
AMZN,2025-07-10 07:45:00,221.9100,221.9300,221.8400,221.8600,13255
AMZN,2025-07-10 07:30:00,221.7300,221.9200,221.7200,221.8900,14189
AMZN,2025-07-10 07:15:00,221.8200,221.8500,221.6700,221.7300,15329
AMZN,2025-07-10 07:00:00,221.6700,221.9200,221.6100,221.8100,23339
AMZN,2025-07-10 06:45:00,221.7400,221.7900,221.6600,221.6800,2063
AMZN,2025-07-10 06:30:00,221.7300,221.8000,221.6400,221.6600,4230
AMZN,2025-07-10 06:15:00,221.7300,221.7600,221.6600,221.6800,3824
AMZN,2025-07-10 06:00:00,221.7300,221.8100,221.6500,221.7200,856
AMZN,2025-07-10 05:45:00,221.6000,221.8200,221.6000,221.6600,6748
AMZN,2025-07-10 05:30:00,221.7500,221.7500,221.5500,221.6900,3828
AMZN,2025-07-10 05:15:00,221.8400,221.8900,221.5800,221.7600,8782
AMZN,2025-07-10 05:00:00,221.8500,221.8900,221.7600,221.8000,2651
AMZN,2025-07-10 04:45:00,221.8100,221.8600,221.6900,221.7800,5473
AMZN,2025-07-10 04:30:00,221.7700,221.8800,221.7600,221.8200,4397
AMZN,2025-07-10 04:15:00,221.7300,221.8900,221.7000,221.8000,8392
AMZN,2025-07-10 04:00:00,222.3100,222.3100,221.6200,221.7200,14567
AMZN,2025-07-09 19:45:00,222.1400,222.3000,222.0800,222.2900,5732
AMZN,2025-07-09 19:30:00,222.2200,222.2200,222.0200,222.1150,9268
AMZN,2025-07-09 19:15:00,222.2800,222.3300,222.1300,222.2199,6645
AMZN,2025-07-09 19:00:00,222.2950,222.3900,222.2000,222.2307,3472
AMZN,2025-07-09 18:45:00,222.5200,222.5800,222.2000,222.3000,10882
AMZN,2025-07-09 18:30:00,222.4540,222.5400,222.3400,222.5300,17546
AMZN,2025-07-09 18:15:00,222.2750,222.5100,222.1100,222.4500,15133
AMZN,2025-07-09 18:00:00,222.0700,222.4000,222.0000,222.2750,7347
AMZN,2025-07-09 17:45:00,222.1000,222.2200,222.0000,222.1000,19935
AMZN,2025-07-09 17:30:00,222.2600,222.2600,222.1000,222.1000,15557
AMZN,2025-07-09 17:15:00,222.1600,222.2600,222.0800,222.2050,8230
AMZN,2025-07-09 17:00:00,222.3400,222.3400,222.0600,222.1600,17983
AMZN,2025-07-09 16:45:00,222.2430,230.8030,169.8790,222.2650,47872
AMZN,2025-07-09 16:30:00,222.4000,222.5400,172.9542,222.3000,158481
AMZN,2025-07-09 16:15:00,222.3000,222.5400,222.2400,222.3800,142415
AMZN,2025-07-09 16:00:00,222.4600,222.6000,222.1800,222.4598,7657929
AMZN,2025-07-09 15:45:00,222.4600,222.8400,222.2500,222.4600,2519216
AMZN,2025-07-09 15:30:00,222.5900,222.6500,222.3300,222.4700,911422
AMZN,2025-07-09 15:15:00,222.3800,222.7900,222.3650,222.5807,1218162
AMZN,2025-07-09 15:00:00,222.5100,222.5900,222.2900,222.3750,623670
AMZN,2025-07-09 14:45:00,222.5200,222.6300,222.3750,222.5100,492737
AMZN,2025-07-09 14:30:00,222.3900,222.6700,222.3700,222.5228,411161
AMZN,2025-07-09 14:15:00,222.4950,222.6200,222.1600,222.4100,477656
AMZN,2025-07-09 14:00:00,222.2000,222.7898,222.2000,222.4854,886691
AMZN,2025-07-09 13:45:00,222.4300,222.5000,220.4700,222.2004,4201124
AMZN,2025-07-09 13:30:00,222.6000,222.6850,222.3848,222.4300,383541
AMZN,2025-07-09 13:15:00,222.4300,222.7200,222.3500,222.6065,467127
AMZN,2025-07-09 13:00:00,222.8000,222.8404,222.4100,222.4347,556443
AMZN,2025-07-09 12:45:00,222.6500,223.0300,222.6500,222.8087,566772
AMZN,2025-07-09 12:30:00,222.4106,222.6972,222.3600,222.6600,406484
AMZN,2025-07-09 12:15:00,222.2600,222.5200,222.1100,222.4100,563411
AMZN,2025-07-09 12:00:00,222.2700,222.7500,222.0701,222.2600,670194
AMZN,2025-07-09 11:45:00,223.0600,223.1000,222.2000,222.2700,719263
AMZN,2025-07-09 11:30:00,222.3650,223.1000,222.2047,223.0600,858655
AMZN,2025-07-09 11:15:00,221.6950,222.5400,221.4500,222.3700,1007139
AMZN,2025-07-09 11:00:00,221.7400,222.0398,221.5450,221.7000,905455
AMZN,2025-07-09 10:45:00,222.2000,222.4300,221.4200,221.7700,1013155
AMZN,2025-07-09 10:30:00,222.8900,222.8900,222.0000,222.2000,1780514
AMZN,2025-07-09 10:15:00,223.8700,223.8900,222.7500,222.8900,1672432
AMZN,2025-07-09 10:00:00,223.3900,224.2900,223.3700,223.8600,3352898
AMZN,2025-07-09 09:45:00,222.4397,223.6900,222.4350,223.3600,2919025
AMZN,2025-07-09 09:30:00,221.0700,222.4900,220.6300,222.4250,3123425
AMZN,2025-07-09 09:15:00,221.3128,221.3700,220.5500,221.0200,90025
AMZN,2025-07-09 09:00:00,221.2450,221.5000,221.0600,221.3200,73145
AMZN,2025-07-09 08:45:00,220.7650,223.9650,220.7650,221.2100,123490
AMZN,2025-07-09 08:30:00,220.3000,220.8000,220.1500,220.8000,40754
AMZN,2025-07-09 08:15:00,220.3100,223.4700,220.2300,220.3200,21248
AMZN,2025-07-09 08:00:00,219.9988,220.5000,219.3600,220.3001,104672
AMZN,2025-07-09 07:45:00,220.3200,220.4500,220.2800,220.3000,4698
AMZN,2025-07-09 07:30:00,220.3800,220.5000,220.2100,220.3100,22957
AMZN,2025-07-09 07:15:00,220.0100,220.4400,220.0100,220.3600,9760
AMZN,2025-07-09 07:00:00,220.0000,220.0700,219.9000,220.0100,7205
AMZN,2025-07-09 06:45:00,219.8300,219.9600,219.8300,219.9600,6675
AMZN,2025-07-09 06:30:00,220.1400,220.1700,219.8200,219.8200,8470
AMZN,2025-07-09 06:15:00,220.1100,220.1800,220.0700,220.1600,2608
AMZN,2025-07-09 06:00:00,220.2400,220.2700,220.0300,220.1100,5405
AMZN,2025-07-09 05:45:00,220.3900,220.4100,220.2400,220.2400,3870
AMZN,2025-07-09 05:30:00,220.2600,220.4900,220.2200,220.3900,4220
AMZN,2025-07-09 05:15:00,220.0400,220.3500,220.0400,220.2800,10149
AMZN,2025-07-09 05:00:00,219.9600,220.1400,219.8900,220.0700,9059
AMZN,2025-07-09 04:45:00,219.9900,220.0000,219.8300,219.9300,2986
AMZN,2025-07-09 04:30:00,219.9100,220.0000,219.8800,219.9300,3476
AMZN,2025-07-09 04:15:00,219.8400,219.9500,219.8000,219.9400,7797
AMZN,2025-07-09 04:00:00,219.6400,220.0000,219.5000,219.8500,6752
AMZN,2025-07-08 19:45:00,219.6200,219.6900,219.5000,219.6900,11627
AMZN,2025-07-08 19:30:00,219.7600,219.8300,219.4500,219.6100,16067
AMZN,2025-07-08 19:15:00,219.7220,219.8500,219.5300,219.7700,11329
AMZN,2025-07-08 19:00:00,219.6800,219.8000,219.6600,219.8000,8596
AMZN,2025-07-08 18:45:00,219.6900,219.7400,219.6600,219.6600,3736
AMZN,2025-07-08 18:30:00,219.7200,219.7400,219.6500,219.7000,5280
AMZN,2025-07-08 18:15:00,219.7200,219.7400,219.3600,219.7400,4275
AMZN,2025-07-08 18:00:00,219.7500,219.9000,219.3600,219.7000,16107
AMZN,2025-07-08 17:45:00,219.8050,219.8700,219.6500,219.7000,36441
AMZN,2025-07-08 17:30:00,219.7140,219.9000,219.7100,219.8050,20008
AMZN,2025-07-08 17:15:00,219.5500,219.9300,210.1100,219.7101,45786
AMZN,2025-07-08 17:00:00,219.6000,219.6000,205.2900,219.5500,312032
AMZN,2025-07-08 16:45:00,219.5050,227.9304,205.4627,219.5750,58688
AMZN,2025-07-08 16:30:00,219.4300,227.9304,219.3100,219.5100,19699
AMZN,2025-07-08 16:15:00,219.3600,219.5400,219.2200,219.3603,257286
AMZN,2025-07-08 16:00:00,219.3300,219.4900,219.1500,219.2850,8569037
AMZN,2025-07-08 15:45:00,219.4900,219.8000,219.1100,219.3400,3775403
AMZN,2025-07-08 15:30:00,219.7000,219.7300,219.3400,219.4900,1294535
AMZN,2025-07-08 15:15:00,219.7700,220.2250,219.6300,219.6950,1125336
AMZN,2025-07-08 15:00:00,219.7800,219.9400,219.5900,219.7600,886162
AMZN,2025-07-08 14:45:00,220.0200,220.1300,219.6600,219.7850,967241
AMZN,2025-07-08 14:30:00,220.4700,220.4900,220.0100,220.0253,833202
AMZN,2025-07-08 14:15:00,220.7100,221.0100,220.4700,220.4700,800334
AMZN,2025-07-08 14:00:00,220.7100,220.9150,220.4300,220.7100,723865
AMZN,2025-07-08 13:45:00,220.2900,220.7700,220.2800,220.7187,680843
AMZN,2025-07-08 13:30:00,220.5500,220.7100,220.1700,220.3000,722643
AMZN,2025-07-08 13:15:00,220.5600,220.7200,220.1904,220.5600,802372
AMZN,2025-07-08 13:00:00,220.6100,220.9995,220.5100,220.5750,786782
AMZN,2025-07-08 12:45:00,220.6600,220.7700,220.2700,220.6050,682046
AMZN,2025-07-08 12:30:00,220.9600,221.0099,220.1100,220.6601,1048463
AMZN,2025-07-08 12:15:00,220.9100,221.0700,220.7000,220.9400,976067
AMZN,2025-07-08 12:00:00,220.3000,220.9900,220.2650,220.9000,772638
AMZN,2025-07-08 11:45:00,220.1100,220.7300,220.0334,220.3100,1057469
AMZN,2025-07-08 11:30:00,219.7800,220.2500,219.7800,220.1100,810504
AMZN,2025-07-08 11:15:00,219.9400,220.0600,219.4100,219.7800,1450826
AMZN,2025-07-08 11:00:00,219.8100,220.9300,219.7400,219.9650,1970861
AMZN,2025-07-08 10:45:00,221.9200,222.0103,218.4300,219.8050,6829352
AMZN,2025-07-08 10:30:00,221.1350,222.1600,221.0200,221.9200,1469998
AMZN,2025-07-08 10:15:00,221.1400,221.5700,220.7600,221.1300,1563079
AMZN,2025-07-08 10:00:00,222.0150,222.0600,220.8200,221.1300,2319937
AMZN,2025-07-08 09:45:00,222.8750,223.0400,221.9700,222.0299,1925888
AMZN,2025-07-08 09:30:00,223.9150,224.0000,222.5700,222.8900,2977137
AMZN,2025-07-08 09:15:00,224.2100,224.2600,223.4000,223.9150,95168
AMZN,2025-07-08 09:00:00,223.9500,224.2500,223.9000,224.2000,16743
AMZN,2025-07-08 08:45:00,223.9900,224.1600,223.4700,223.9500,30045
AMZN,2025-07-08 08:30:00,224.2200,224.2800,223.8500,223.9200,37883
AMZN,2025-07-08 08:15:00,224.2000,224.3000,224.0900,224.2200,19936
AMZN,2025-07-08 08:00:00,224.3588,224.5000,223.4700,224.2000,155532
AMZN,2025-07-08 07:45:00,224.2900,224.3100,224.1500,224.1900,6677
AMZN,2025-07-08 07:30:00,224.2000,224.3000,224.1700,224.2900,8952
AMZN,2025-07-08 07:15:00,224.2500,224.2900,224.0700,224.1600,13988
AMZN,2025-07-08 07:00:00,224.2200,224.4700,224.1000,224.2700,34248
AMZN,2025-07-08 06:45:00,224.4600,224.5000,224.2200,224.2900,9586
AMZN,2025-07-08 06:30:00,224.3500,224.4900,224.3000,224.4600,4935
AMZN,2025-07-08 06:15:00,224.2100,224.4300,224.2100,224.3900,2444
AMZN,2025-07-08 06:00:00,224.3900,224.4600,224.2000,224.2200,5480
AMZN,2025-07-08 05:45:00,224.4000,224.4900,224.2900,224.4400,4950
AMZN,2025-07-08 05:30:00,224.4100,224.4900,224.3000,224.4000,5950
AMZN,2025-07-08 05:15:00,224.4000,224.4900,224.3500,224.4200,5307
AMZN,2025-07-08 05:00:00,224.2700,224.5000,224.1500,224.4100,5674
AMZN,2025-07-08 04:45:00,224.3200,224.3600,224.1500,224.2900,3418
AMZN,2025-07-08 04:30:00,224.3300,224.3900,224.1600,224.3700,5475
AMZN,2025-07-08 04:15:00,224.3600,224.4400,224.2000,224.4100,7195
AMZN,2025-07-08 04:00:00,223.5000,224.4200,223.5000,224.4200,13281
AMZN,2025-07-07 19:45:00,223.1700,223.2200,223.1000,223.2200,9749
AMZN,2025-07-07 19:30:00,223.2000,223.2200,223.0200,223.2200,3922
AMZN,2025-07-07 19:15:00,223.1900,223.3000,223.0200,223.1300,6524
AMZN,2025-07-07 19:00:00,223.0400,223.1000,222.9000,223.1000,10137
AMZN,2025-07-07 18:45:00,223.0657,223.3300,222.8000,223.0500,3852
AMZN,2025-07-07 18:30:00,223.0820,223.1000,222.8000,222.9850,7461
AMZN,2025-07-07 18:15:00,223.1600,223.1600,222.8000,222.9550,6088
AMZN,2025-07-07 18:00:00,222.9900,223.2700,222.9500,223.0550,4933
AMZN,2025-07-07 17:45:00,222.8500,223.0000,213.1340,222.9805,4345
AMZN,2025-07-07 17:30:00,223.1000,223.4700,222.8100,222.8500,22460
AMZN,2025-07-07 17:15:00,223.0201,223.1100,209.5909,222.9000,6888
AMZN,2025-07-07 17:00:00,223.1200,223.4700,223.0000,223.0650,22299
AMZN,2025-07-07 16:45:00,223.0500,227.4800,209.5909,223.1200,20387
AMZN,2025-07-07 16:30:00,223.3000,223.4700,223.0000,223.1150,12084
AMZN,2025-07-07 16:15:00,223.2500,223.4700,223.1100,223.3000,117765
AMZN,2025-07-07 16:00:00,223.4800,223.6900,223.0000,223.4000,9480311
AMZN,2025-07-07 15:45:00,223.1200,223.6700,222.8700,223.4800,2258718
AMZN,2025-07-07 15:30:00,223.2200,223.3888,222.9820,223.0970,612240
AMZN,2025-07-07 15:15:00,223.2200,223.5000,223.1300,223.2100,746169
AMZN,2025-07-07 15:00:00,223.4900,223.6000,223.0100,223.2200,712292
AMZN,2025-07-07 14:45:00,223.0200,223.5400,223.0200,223.4850,667635
AMZN,2025-07-07 14:30:00,222.4900,223.0800,222.3900,223.0100,665662
AMZN,2025-07-07 14:15:00,223.3703,223.3999,222.4200,222.5100,894311
AMZN,2025-07-07 14:00:00,223.3100,223.6400,223.2800,223.3900,648274
AMZN,2025-07-07 13:45:00,222.9674,223.3300,222.9400,223.3100,862097
AMZN,2025-07-07 13:30:00,222.9400,223.5500,222.7200,222.9800,725877
AMZN,2025-07-07 13:15:00,223.0745,223.2300,222.8500,222.9500,536663
AMZN,2025-07-07 13:00:00,222.5500,223.1700,222.5400,223.0600,806353
AMZN,2025-07-07 12:45:00,223.2150,223.2150,222.4500,222.5568,966050
AMZN,2025-07-07 12:30:00,223.0196,223.4400,222.9550,223.2100,661856
AMZN,2025-07-07 12:15:00,223.8700,223.9400,222.5700,223.0550,1459489
AMZN,2025-07-07 12:00:00,223.9800,224.2650,223.8307,223.8714,1121955
AMZN,2025-07-07 11:45:00,223.8500,224.1050,223.7300,223.9800,929755
AMZN,2025-07-07 11:30:00,223.8700,224.2600,223.8000,223.8500,1466222
AMZN,2025-07-07 11:15:00,223.6150,224.0950,223.4800,223.8800,907487
AMZN,2025-07-07 11:00:00,223.0700,223.7501,223.0700,223.6100,894252
AMZN,2025-07-07 10:45:00,223.8100,223.9750,222.7700,223.0716,1098347
AMZN,2025-07-07 10:30:00,223.9050,223.9700,223.5000,223.8200,973917
AMZN,2025-07-07 10:15:00,223.1800,224.2900,223.0700,223.9000,2140011
AMZN,2025-07-07 10:00:00,223.3850,223.7600,222.6450,223.1900,1390711
AMZN,2025-07-07 09:45:00,223.6500,224.0000,223.0600,223.3850,2608527
AMZN,2025-07-07 09:30:00,223.0000,223.7999,222.3700,223.6499,3485717
AMZN,2025-07-07 09:15:00,223.6320,223.6700,223.0000,223.0000,57303
AMZN,2025-07-07 09:00:00,223.9100,224.0000,223.5000,223.6000,59496
AMZN,2025-07-07 08:45:00,224.0600,224.1000,223.8100,223.8700,58725
AMZN,2025-07-07 08:30:00,224.2800,224.5000,223.4100,224.0500,134381
AMZN,2025-07-07 08:15:00,224.2100,224.6900,224.1300,224.3000,86618
AMZN,2025-07-07 08:00:00,222.7788,224.3900,222.2700,224.2750,140882
AMZN,2025-07-07 07:45:00,223.9300,224.1400,223.8200,224.0800,15831
AMZN,2025-07-07 07:30:00,223.8700,223.9500,223.6900,223.9400,20437
AMZN,2025-07-07 07:15:00,223.2700,223.9400,223.2600,223.8700,13302
AMZN,2025-07-07 07:00:00,223.1200,223.4000,223.0400,223.2900,19307
AMZN,2025-07-07 06:45:00,223.1300,223.1700,223.0600,223.1000,2156
AMZN,2025-07-07 06:30:00,223.1000,223.2800,223.0400,223.1200,6162
AMZN,2025-07-07 06:15:00,223.1300,223.2200,222.9800,223.0400,10294
AMZN,2025-07-07 06:00:00,222.9600,223.2000,222.9200,223.1900,5615
AMZN,2025-07-07 05:45:00,222.7400,223.0000,222.6500,223.0000,6014
AMZN,2025-07-07 05:30:00,222.6100,222.8200,222.6000,222.7900,4192
AMZN,2025-07-07 05:15:00,222.6400,222.7600,222.6000,222.6000,1562
AMZN,2025-07-07 05:00:00,222.7000,222.8300,222.5000,222.7500,9878
AMZN,2025-07-07 04:45:00,222.7700,222.8600,222.7000,222.7400,5912
AMZN,2025-07-07 04:30:00,222.6000,222.8900,222.6000,222.7300,13848
AMZN,2025-07-07 04:15:00,222.5100,222.7300,222.4500,222.6000,8538
AMZN,2025-07-07 04:00:00,223.0300,223.4100,222.3200,222.5700,29917
AMZN,2025-07-03 16:45:00,223.1500,223.2600,223.0000,223.0500,7502
AMZN,2025-07-03 16:30:00,223.1700,223.1900,223.1200,223.1800,3302
AMZN,2025-07-03 16:15:00,223.1550,223.4100,223.0380,223.1700,62411
AMZN,2025-07-03 16:00:00,223.0600,223.1900,223.0300,223.1500,5196
AMZN,2025-07-03 15:45:00,223.1600,223.3400,222.6000,223.0600,10616
AMZN,2025-07-03 15:30:00,223.1300,223.4100,223.0000,223.1600,13908
AMZN,2025-07-03 15:15:00,223.0400,223.1700,223.0400,223.1300,8406
AMZN,2025-07-03 15:00:00,223.2075,223.2100,223.0400,223.1250,13949
AMZN,2025-07-03 14:45:00,223.2250,223.3400,223.1100,223.1600,12663
AMZN,2025-07-03 14:30:00,223.1705,223.3400,223.1100,223.2100,12754
AMZN,2025-07-03 14:15:00,223.3000,223.3500,223.1000,223.2300,16660
AMZN,2025-07-03 14:00:00,223.1600,237.3327,219.5741,223.3100,48069
AMZN,2025-07-03 13:45:00,222.9750,223.2000,220.3740,223.1500,20677
AMZN,2025-07-03 13:30:00,223.1195,223.4100,222.9100,222.9700,58802
AMZN,2025-07-03 13:15:00,223.1500,223.4100,222.7500,223.1000,42286
AMZN,2025-07-03 13:00:00,223.2400,223.5900,213.0400,223.2000,9470166
AMZN,2025-07-03 12:45:00,223.3400,223.5500,222.9650,223.2900,2295772
AMZN,2025-07-03 12:30:00,222.9850,223.3500,222.7700,223.3400,974803
AMZN,2025-07-03 12:15:00,223.2300,223.2350,222.7900,222.9996,920242
AMZN,2025-07-03 12:00:00,223.3050,223.4700,223.1800,223.2322,1491545
AMZN,2025-07-03 11:45:00,223.2900,223.5500,223.1800,223.2959,1087187
AMZN,2025-07-03 11:30:00,222.6900,223.3500,222.6600,223.3000,1082805
AMZN,2025-07-03 11:15:00,222.4000,222.8300,222.2600,222.7093,1014591
AMZN,2025-07-03 11:00:00,222.0200,222.5300,222.0200,222.4150,853651
AMZN,2025-07-03 10:45:00,221.9213,222.3600,221.8800,222.0300,1132622
AMZN,2025-07-03 10:30:00,221.8550,222.1000,221.5100,221.9250,1318882
AMZN,2025-07-03 10:15:00,222.7023,222.7550,221.3600,221.8500,2331789
AMZN,2025-07-03 10:00:00,222.6550,223.4100,222.6400,222.6950,1998597
AMZN,2025-07-03 09:45:00,222.5300,223.3400,221.8100,222.6550,2385740
AMZN,2025-07-03 09:30:00,221.8200,224.0100,221.5900,222.5000,6212381
AMZN,2025-07-03 09:15:00,221.3300,222.0000,221.3200,221.8300,71934
AMZN,2025-07-03 09:00:00,220.9400,221.7200,219.9200,221.3300,175569
AMZN,2025-07-03 08:45:00,220.9400,221.1000,219.4700,221.0000,64176
AMZN,2025-07-03 08:30:00,220.5000,221.4600,220.2300,220.9000,113765
AMZN,2025-07-03 08:15:00,220.4250,220.4400,219.9200,220.3250,25711
AMZN,2025-07-03 08:00:00,219.9012,220.6880,219.9000,220.3600,66896
AMZN,2025-07-03 07:45:00,220.4400,220.4400,220.2600,220.4000,5201
AMZN,2025-07-03 07:30:00,220.4400,220.4600,220.2500,220.4200,7562
AMZN,2025-07-03 07:15:00,220.4600,220.5000,220.3900,220.3900,5165
AMZN,2025-07-03 07:00:00,220.4600,220.5700,220.3200,220.4500,13081
AMZN,2025-07-03 06:45:00,220.5200,220.5900,220.4400,220.4900,2792
AMZN,2025-07-03 06:30:00,220.4900,220.5400,220.4300,220.5200,2369
AMZN,2025-07-03 06:15:00,220.4700,220.5700,220.3000,220.5000,8283
AMZN,2025-07-03 06:00:00,220.5300,220.5700,220.3900,220.4700,2810
AMZN,2025-07-03 05:45:00,220.3000,220.6000,220.3000,220.5000,5877
AMZN,2025-07-03 05:30:00,220.4000,220.4300,220.3000,220.3200,2625
AMZN,2025-07-03 05:15:00,220.2900,220.4700,220.2900,220.4200,2921
AMZN,2025-07-03 05:00:00,220.1600,220.2700,220.1000,220.2700,3270
AMZN,2025-07-03 04:45:00,220.2000,220.3000,220.1300,220.1600,3674
AMZN,2025-07-03 04:30:00,220.3500,220.3500,220.1200,220.1700,3703
AMZN,2025-07-03 04:15:00,220.3900,220.4600,220.2100,220.2800,11736
AMZN,2025-07-03 04:00:00,220.2500,220.4000,220.0000,220.3300,11863
