timestamp,open,high,low,close,volume
2025-07-31 19:45:00,563.1700,563.6900,563.1700,563.6000,79529
2025-07-31 19:30:00,563.2200,563.6600,563.0500,563.2050,31314
2025-07-31 19:15:00,563.8200,563.8500,563.0750,563.1850,26641
2025-07-31 19:00:00,563.3300,563.8999,562.8700,563.7500,76471
2025-07-31 18:45:00,563.0500,563.6000,562.9300,563.3693,38587
2025-07-31 18:30:00,563.9000,564.0900,562.3600,563.0900,90699
2025-07-31 18:15:00,564.1800,564.2900,563.6950,563.8300,33631
2025-07-31 18:00:00,563.7100,564.7400,563.7100,564.1900,98301
2025-07-31 17:45:00,564.4700,564.4700,563.3000,563.6250,95203
2025-07-31 17:30:00,565.1700,565.1700,564.2200,564.4699,145521
2025-07-31 17:15:00,564.4100,565.1700,564.0000,565.1540,63729
2025-07-31 17:00:00,564.4000,565.0100,529.1189,564.4400,95931
2025-07-31 16:45:00,564.5200,565.0900,564.1100,564.4050,126184
2025-07-31 16:30:00,564.2300,565.8500,564.2100,564.5100,460915
2025-07-31 16:15:00,565.0100,568.6743,563.5000,564.1400,425144
2025-07-31 16:00:00,565.0100,567.3600,564.0000,564.3900,3591672
2025-07-31 15:45:00,566.3750,566.4900,564.0118,565.0000,6182992
2025-07-31 15:30:00,565.6100,566.3800,565.3200,566.3600,2406277
2025-07-31 15:15:00,566.1900,566.6300,565.4000,565.5607,1916751
2025-07-31 15:00:00,566.4900,567.1700,566.0500,566.1920,1693826
2025-07-31 14:45:00,567.3800,567.7100,566.3800,566.4900,1556546
2025-07-31 14:30:00,566.5800,567.4700,566.5000,567.3850,1638897
2025-07-31 14:15:00,565.0000,566.6252,563.8700,566.5900,4156390
2025-07-31 14:00:00,565.8900,566.6000,565.0000,565.0100,2252007
2025-07-31 13:45:00,568.1000,568.4700,565.3300,565.9000,2653761
2025-07-31 13:30:00,567.4800,568.1783,566.6700,568.0993,2280759
2025-07-31 13:15:00,569.5500,569.6300,567.0500,567.4410,2277576
2025-07-31 13:00:00,570.2900,570.3150,569.4900,569.5500,1088659
2025-07-31 12:45:00,570.9050,570.9600,569.9750,570.2750,1347335
2025-07-31 12:30:00,571.1500,571.4200,570.6250,570.9300,1004194
2025-07-31 12:15:00,570.9400,571.3500,570.8200,571.1400,1130805
2025-07-31 12:00:00,570.6000,571.0000,570.3300,570.9401,1176669
2025-07-31 11:45:00,570.5100,570.6000,569.9600,570.6000,1171082
2025-07-31 11:30:00,569.4300,570.5490,569.3000,570.5100,1291191
2025-07-31 11:15:00,568.6900,569.5300,568.1750,569.4200,2189075
2025-07-31 11:00:00,569.5700,570.5900,568.6900,568.6900,2288995
2025-07-31 10:45:00,571.4200,571.4800,569.4200,569.5800,2509703
2025-07-31 10:30:00,571.9300,572.3200,570.9600,571.4500,1616013
2025-07-31 10:15:00,572.6900,572.9500,571.5000,571.9301,1800078
2025-07-31 10:00:00,572.6650,574.3400,572.0720,572.6800,2022591
2025-07-31 09:45:00,571.8400,573.4700,571.2000,572.6600,3051835
2025-07-31 09:30:00,574.5400,574.6300,571.4696,571.8307,5374258
2025-07-31 09:15:00,575.6600,575.7100,574.4600,574.5400,211995
2025-07-31 09:00:00,575.9000,575.9200,575.6700,575.6800,101050
2025-07-31 08:45:00,575.7200,576.0200,568.0200,575.9050,102517
2025-07-31 08:30:00,575.6500,576.0600,575.1400,575.7300,146058
2025-07-31 08:15:00,575.5300,575.7900,568.0200,575.7300,93663
2025-07-31 08:00:00,574.9600,576.9300,568.0200,575.5700,185346
2025-07-31 07:45:00,574.9700,575.1900,574.7000,574.9700,63387
2025-07-31 07:30:00,575.1600,575.3100,574.8600,574.9800,54213
2025-07-31 07:15:00,575.5300,575.5800,575.0500,575.1000,56086
2025-07-31 07:00:00,575.2500,575.8300,575.0600,575.5300,77082
2025-07-31 06:45:00,575.7100,575.9100,575.1900,575.2900,25179
2025-07-31 06:30:00,575.6600,575.8600,575.6400,575.7000,11224
2025-07-31 06:15:00,575.5100,575.7400,575.5100,575.6300,11163
2025-07-31 06:00:00,575.3900,575.5600,575.3500,575.5100,12154
2025-07-31 05:45:00,575.5500,575.6300,575.3800,575.4200,18544
2025-07-31 05:30:00,575.7500,575.7700,575.3900,575.5000,21720
2025-07-31 05:15:00,575.6000,575.9700,575.6000,575.7700,23948
2025-07-31 05:00:00,575.8200,575.9000,575.5700,575.6200,37749
2025-07-31 04:45:00,575.8400,576.3200,575.6700,575.8000,31743
2025-07-31 04:30:00,575.9900,576.1700,575.8300,575.8300,48791
2025-07-31 04:15:00,575.8900,576.1400,575.8400,575.9800,68887
2025-07-31 04:00:00,576.0500,577.0000,575.8300,575.8700,52343
2025-07-30 19:45:00,574.1500,574.2400,573.9100,573.9500,34668
2025-07-30 19:30:00,574.1150,574.2100,574.0100,574.1600,19786
2025-07-30 19:15:00,574.2900,574.2900,574.0000,574.1200,20371
2025-07-30 19:00:00,574.0800,574.2900,573.9100,574.2850,33406
2025-07-30 18:45:00,574.0700,574.1200,573.8700,574.0800,74115
2025-07-30 18:30:00,573.4000,574.1100,573.4000,574.0700,48895
2025-07-30 18:15:00,573.2600,573.5800,573.1200,573.4050,25988
2025-07-30 18:00:00,573.6300,574.0000,573.1000,573.2500,118432
2025-07-30 17:45:00,572.7700,573.6800,572.7700,573.5000,134003
2025-07-30 17:30:00,572.2800,572.9000,572.2000,572.7900,33793
2025-07-30 17:15:00,572.2700,572.5600,568.0200,572.3150,104843
2025-07-30 17:00:00,572.4300,572.5500,572.1300,572.3488,65919
2025-07-30 16:45:00,572.3800,572.6800,568.0200,572.5500,179483
2025-07-30 16:30:00,572.4000,572.6000,572.2200,572.4100,197052
2025-07-30 16:15:00,568.0200,573.0500,568.0200,572.4100,557835
2025-07-30 16:00:00,568.1200,573.0300,567.8000,572.5800,2999875
2025-07-30 15:45:00,565.9300,568.2700,565.9300,568.1000,4201353
2025-07-30 15:30:00,566.0000,566.7300,565.7000,565.9300,2007391
2025-07-30 15:15:00,567.0500,567.4200,565.5600,565.9800,2831598
2025-07-30 15:00:00,566.3600,567.7400,565.0500,567.0500,5350892
2025-07-30 14:45:00,569.6550,569.9900,566.0700,566.3900,4486769
2025-07-30 14:30:00,569.8000,570.6200,568.8300,569.6670,2856260
2025-07-30 14:15:00,569.4500,569.8700,569.2800,569.7900,1315963
2025-07-30 14:00:00,569.4400,569.9000,568.7700,569.4800,1173740
2025-07-30 13:45:00,569.6400,569.6400,569.1000,569.4600,426708
2025-07-30 13:30:00,569.1200,569.7050,569.0500,569.6300,531763
2025-07-30 13:15:00,569.2500,569.3700,569.0800,569.1001,348567
2025-07-30 13:00:00,569.3100,569.4700,569.1100,569.2700,324746
2025-07-30 12:45:00,569.0950,569.3652,569.0500,569.3000,337693
2025-07-30 12:30:00,569.3350,569.4900,568.9400,569.0800,362969
2025-07-30 12:15:00,569.1900,569.6000,569.1800,569.3300,602898
2025-07-30 12:00:00,569.1950,569.2500,568.9000,569.1900,440808
2025-07-30 11:45:00,568.5600,569.2100,568.3950,569.2000,592540
2025-07-30 11:30:00,568.1800,568.6100,567.9100,568.5650,525400
2025-07-30 11:15:00,568.0600,568.6100,567.8750,568.1700,882647
2025-07-30 11:00:00,568.8350,569.0901,567.9200,568.0600,812622
2025-07-30 10:45:00,568.9200,569.4680,568.7750,568.8493,782325
2025-07-30 10:30:00,568.5800,569.1500,568.5800,568.9150,902741
2025-07-30 10:15:00,567.9800,569.0000,567.9400,568.5700,1028870
2025-07-30 10:00:00,568.0600,568.4450,567.6700,567.9800,1015606
2025-07-30 09:45:00,568.6300,569.1100,567.7600,568.0600,1728876
2025-07-30 09:30:00,568.1800,568.6900,567.2700,568.6500,2341472
2025-07-30 09:15:00,568.0900,568.2500,567.9200,568.1650,32106
2025-07-30 09:00:00,568.2300,568.2800,567.7900,568.1000,51606
2025-07-30 08:45:00,568.4600,568.6000,567.2600,568.2600,70963
2025-07-30 08:30:00,568.0500,568.5800,567.8600,568.4750,117319
2025-07-30 08:15:00,568.2700,568.4800,567.9300,568.0900,55508
2025-07-30 08:00:00,568.4988,569.0002,470.2499,568.3000,122050
2025-07-30 07:45:00,568.7000,569.0000,568.6700,568.6900,51103
2025-07-30 07:30:00,568.8000,568.9400,568.5500,568.7000,24350
2025-07-30 07:15:00,568.5200,568.8400,568.4500,568.7900,13451
2025-07-30 07:00:00,568.6700,568.7300,568.4800,568.4800,20416
2025-07-30 06:45:00,568.5700,568.6800,568.5000,568.6800,7647
2025-07-30 06:30:00,568.4200,568.6100,568.3600,568.5900,28975
2025-07-30 06:15:00,568.4800,568.6100,568.3100,568.3900,13841
2025-07-30 06:00:00,568.3200,568.4900,568.2200,568.4600,9751
2025-07-30 05:45:00,567.9400,568.3200,567.9000,568.3100,10190
2025-07-30 05:30:00,568.1400,568.2000,567.9000,567.9800,7888
2025-07-30 05:15:00,568.2600,568.4300,568.1300,568.1800,9689
2025-07-30 05:00:00,568.1200,568.2600,568.0700,568.2100,10278
2025-07-30 04:45:00,568.1500,568.2400,567.9600,568.1000,3722
2025-07-30 04:30:00,568.0100,568.2000,567.6400,568.1800,14145
2025-07-30 04:15:00,568.4200,568.4300,567.9500,568.0200,10348
2025-07-30 04:00:00,568.4400,568.7700,568.3000,568.4200,16986
2025-07-29 19:45:00,567.8100,567.8300,567.5604,567.8200,16732
2025-07-29 19:30:00,567.7800,567.9500,567.7800,567.8300,9918
2025-07-29 19:15:00,567.7300,567.8300,567.6800,567.7600,3195
2025-07-29 19:00:00,567.7500,567.8700,567.6200,567.6800,19691
2025-07-29 18:45:00,567.5250,567.7900,567.5110,567.6700,7065
2025-07-29 18:30:00,567.5000,567.5900,567.3800,567.5500,22446
2025-07-29 18:15:00,567.4800,567.6000,567.2600,567.4700,27461
2025-07-29 18:00:00,567.2800,567.6500,567.2100,567.4750,54683
2025-07-29 17:45:00,567.3350,567.4000,567.2600,567.2700,9404
2025-07-29 17:30:00,567.3400,567.3800,567.2400,567.3600,5662
2025-07-29 17:15:00,567.3200,567.4800,567.2800,567.3800,11546
2025-07-29 17:00:00,567.2500,567.3500,567.1800,567.3150,19764
2025-07-29 16:45:00,567.1599,567.2800,567.1000,567.2200,149701
2025-07-29 16:30:00,567.2900,567.3900,567.1200,567.1600,47871
2025-07-29 16:15:00,567.2600,567.3600,567.1200,567.2900,86028
2025-07-29 16:00:00,567.3300,568.5853,567.0000,567.3398,3100471
2025-07-29 15:45:00,567.1800,567.5200,566.8200,567.3300,4926020
2025-07-29 15:30:00,567.4100,567.5400,566.5300,567.1750,3218682
2025-07-29 15:15:00,568.0000,568.0300,567.3900,567.4000,888680
2025-07-29 15:00:00,567.8900,568.0800,567.7100,568.0000,706094
2025-07-29 14:45:00,568.2300,568.3490,567.7900,567.9000,635776
2025-07-29 14:30:00,567.8700,568.5600,567.8500,568.2150,703358
2025-07-29 14:15:00,568.1900,568.3500,567.6750,567.8700,476033
2025-07-29 14:00:00,568.2100,568.4600,568.0000,568.1900,787538
2025-07-29 13:45:00,567.8300,568.3200,567.4900,568.2207,1211333
2025-07-29 13:30:00,568.5800,568.7400,567.5700,567.8300,1008004
2025-07-29 13:15:00,568.7050,568.9900,568.5000,568.5699,1061911
2025-07-29 13:00:00,568.5800,568.8900,568.4000,568.7099,815367
2025-07-29 12:45:00,567.8900,568.5900,567.6400,568.5800,800460
2025-07-29 12:30:00,567.8400,568.0700,567.1800,567.9000,859375
2025-07-29 12:15:00,568.0100,568.2700,567.6050,567.8600,789617
2025-07-29 12:00:00,568.4800,568.7200,567.9300,568.0300,2126963
2025-07-29 11:45:00,567.4299,568.8800,567.4299,568.5100,2076419
2025-07-29 11:30:00,567.5400,568.2550,566.9200,567.4300,2190375
2025-07-29 11:15:00,568.7097,568.7400,567.4200,567.5450,2393069
2025-07-29 11:00:00,569.1100,569.4700,568.6200,568.7020,1403885
2025-07-29 10:45:00,569.7700,570.1000,568.8200,569.1350,1413564
2025-07-29 10:30:00,569.8800,570.3000,569.6900,569.7700,1425835
2025-07-29 10:15:00,570.1900,570.3400,569.4100,569.8900,1865761
2025-07-29 10:00:00,570.6900,570.7200,569.7250,570.2000,1861779
2025-07-29 09:45:00,571.3700,571.4700,569.8000,570.5600,2730184
2025-07-29 09:30:00,570.7600,572.1100,570.7100,571.3800,3147722
2025-07-29 09:15:00,570.5000,570.9100,524.7900,570.7900,113921
2025-07-29 09:00:00,570.4100,570.6100,570.2904,570.5200,51903
2025-07-29 08:45:00,570.6200,570.6500,567.7450,570.4000,86716
2025-07-29 08:30:00,570.7700,570.8400,570.5600,570.6100,45921
2025-07-29 08:15:00,570.9000,570.9400,570.6900,570.7750,45171
2025-07-29 08:00:00,570.8900,571.2000,568.1400,570.9000,104237
2025-07-29 07:45:00,570.6100,570.9300,570.5700,570.9300,24647
2025-07-29 07:30:00,570.7800,570.8700,570.3900,570.5700,21414
2025-07-29 07:15:00,570.8200,570.8900,570.6500,570.7800,24741
2025-07-29 07:00:00,570.8900,571.0600,570.7700,570.8200,41841
2025-07-29 06:45:00,570.9000,571.0300,570.8800,570.8900,11865
2025-07-29 06:30:00,570.8100,571.0000,570.7500,570.8900,22773
2025-07-29 06:15:00,570.8500,570.9000,570.7400,570.8300,7367
2025-07-29 06:00:00,570.9000,571.0700,570.7800,570.8500,17277
2025-07-29 05:45:00,570.5700,571.0100,570.5000,570.8400,22748
2025-07-29 05:30:00,570.5300,570.6800,570.5000,570.5900,16610
2025-07-29 05:15:00,570.6500,570.7000,570.4200,570.5100,10042
2025-07-29 05:00:00,570.4900,570.6800,570.4900,570.6500,11203
2025-07-29 04:45:00,570.5500,570.5600,570.4000,570.4600,7730
2025-07-29 04:30:00,570.6100,570.6600,570.4900,570.5600,26048
2025-07-29 04:15:00,570.6500,570.7100,570.5000,570.6100,18907
2025-07-29 04:00:00,570.5900,570.7100,570.0000,570.6500,35817
2025-07-28 19:45:00,569.0000,569.0800,568.9405,569.0700,11400
2025-07-28 19:30:00,568.9450,569.0500,568.9300,569.0000,5263
2025-07-28 19:15:00,568.8400,568.9600,568.7900,568.9201,3906
2025-07-28 19:00:00,569.0410,569.0800,568.8100,568.8500,10958
2025-07-28 18:45:00,568.9200,569.0700,568.8900,568.9900,5252
2025-07-28 18:30:00,568.9200,568.9900,568.8400,568.8900,7977
2025-07-28 18:15:00,568.8400,569.0300,568.8400,568.9200,26839
2025-07-28 18:00:00,568.5000,568.8500,568.4900,568.8300,16843
2025-07-28 17:45:00,568.4950,568.5900,568.4500,568.4500,6796
2025-07-28 17:30:00,568.5500,568.6000,568.4400,568.5200,7347
2025-07-28 17:15:00,568.5200,568.6657,454.0418,568.5500,8017
2025-07-28 17:00:00,568.6000,568.6800,454.0418,568.5100,123238
2025-07-28 16:45:00,568.6000,568.7100,456.9014,568.6100,47767
2025-07-28 16:30:00,568.5300,568.6500,483.3000,568.6000,47569
2025-07-28 16:15:00,568.1400,568.5999,566.2593,568.5300,268747
2025-07-28 16:00:00,568.2000,568.4800,472.5600,568.3600,2559519
2025-07-28 15:45:00,567.6100,568.2900,567.4700,568.2000,2980396
2025-07-28 15:30:00,567.4600,567.6100,567.3000,567.6035,1201609
2025-07-28 15:15:00,567.4050,567.5500,567.1800,567.4600,673205
2025-07-28 15:00:00,567.4600,567.5350,567.2200,567.3900,1151440
2025-07-28 14:45:00,567.3300,567.6600,567.2150,567.4701,808742
2025-07-28 14:30:00,567.4700,567.5351,567.0895,567.3300,610476
2025-07-28 14:15:00,567.5100,567.6700,567.2100,567.4700,895755
2025-07-28 14:00:00,567.4400,567.6180,566.9600,567.5200,1136417
2025-07-28 13:45:00,567.9900,568.0452,567.4100,567.4450,467667
2025-07-28 13:30:00,567.5350,568.0401,567.5200,567.9800,490849
2025-07-28 13:15:00,568.0100,568.0400,567.3000,567.5301,777307
2025-07-28 13:00:00,568.0500,568.1000,567.6100,568.0200,786362
2025-07-28 12:45:00,568.1000,568.1050,567.7800,568.0400,631096
2025-07-28 12:30:00,568.2550,568.2650,567.9600,568.1000,581175
2025-07-28 12:15:00,568.0777,568.5700,568.0300,568.2550,923898
2025-07-28 12:00:00,568.2500,568.2500,567.7700,568.0700,851742
2025-07-28 11:45:00,568.1000,568.3800,568.0200,568.2450,790045
2025-07-28 11:30:00,567.9250,568.1600,567.8500,568.1000,788013
2025-07-28 11:15:00,568.1800,568.3000,566.8700,567.9167,1657120
2025-07-28 11:00:00,568.2300,568.3900,568.0100,568.1800,729432
2025-07-28 10:45:00,568.4500,568.5300,567.9800,568.2350,737128
2025-07-28 10:30:00,568.4400,568.8300,568.2900,568.4500,897311
2025-07-28 10:15:00,568.7600,568.9000,567.8100,568.4600,1299998
2025-07-28 10:00:00,568.8600,569.0400,568.4400,568.7653,1626901
2025-07-28 09:45:00,568.2800,568.8800,568.1400,568.8600,1836369
2025-07-28 09:30:00,567.7400,568.5100,567.5400,568.2800,2661381
2025-07-28 09:15:00,567.8000,568.0500,565.2600,567.7050,152405
2025-07-28 09:00:00,568.7205,568.7500,567.6700,567.8200,208240
2025-07-28 08:45:00,568.7100,568.8850,566.3700,568.7400,61563
2025-07-28 08:30:00,568.5600,568.7300,568.2900,568.7000,66093
2025-07-28 08:15:00,568.1200,568.6400,566.3700,568.5900,57997
2025-07-28 08:00:00,568.5300,570.4000,565.9460,568.1500,129384
2025-07-28 07:45:00,568.4900,568.6100,568.3700,568.4800,14687
2025-07-28 07:30:00,568.3700,568.6200,568.3700,568.5000,15599
2025-07-28 07:15:00,568.5600,568.5800,568.3200,568.4000,17689
2025-07-28 07:00:00,568.2700,568.5700,568.1900,568.5500,23513
2025-07-28 06:45:00,568.4800,568.5000,568.0700,568.2900,34029
2025-07-28 06:30:00,568.8200,568.8900,568.4600,568.4600,16187
2025-07-28 06:15:00,568.9300,569.0700,568.7500,568.8500,10445
2025-07-28 06:00:00,569.0400,569.0400,568.8300,568.9300,11463
2025-07-28 05:45:00,569.0700,569.1800,568.9700,569.0500,16966
2025-07-28 05:30:00,569.1200,569.2900,569.0300,569.0800,7831
2025-07-28 05:15:00,569.3400,569.4100,569.0000,569.1300,20336
2025-07-28 05:00:00,569.3000,569.4100,569.2400,569.3300,8593
2025-07-28 04:45:00,569.3800,569.4400,569.2500,569.3000,17042
2025-07-28 04:30:00,569.3300,569.4600,569.2600,569.3800,13812
2025-07-28 04:15:00,569.2600,569.5100,569.2000,569.3300,14333
2025-07-28 04:00:00,568.5100,569.8800,568.5100,569.2700,53748
2025-07-25 19:45:00,566.9997,567.0600,566.9600,566.9800,4872
2025-07-25 19:30:00,566.9400,567.0800,566.9000,566.9750,5015
2025-07-25 19:15:00,567.0350,567.0800,566.8600,566.9000,6916
2025-07-25 19:00:00,566.9100,567.0350,566.8800,567.0230,6622
2025-07-25 18:45:00,566.8400,566.9500,566.8400,566.9100,1384
2025-07-25 18:30:00,566.9350,567.0200,566.8400,566.8706,919
2025-07-25 18:15:00,566.9000,567.0200,566.7800,566.8500,9633
2025-07-25 18:00:00,566.8400,567.0500,566.7000,566.9500,14176
2025-07-25 17:45:00,566.7500,566.8800,566.7500,566.8500,1621
2025-07-25 17:30:00,566.7900,566.8800,566.7200,566.7500,4062
2025-07-25 17:15:00,566.8000,566.8000,566.6800,566.7800,3891
2025-07-25 17:00:00,566.8250,566.9900,566.3700,566.7400,87498
2025-07-25 16:45:00,566.8800,566.9910,566.8100,566.9700,38450
2025-07-25 16:30:00,566.7200,566.9900,566.0700,566.8800,105645
2025-07-25 16:15:00,566.3700,566.8000,564.9946,566.7300,688417
2025-07-25 16:00:00,566.3800,566.9700,565.9600,566.6800,1996865
2025-07-25 15:45:00,566.7400,566.9100,566.0600,566.3900,3261810
2025-07-25 15:30:00,566.8050,567.0852,566.7150,566.7350,1117805
2025-07-25 15:15:00,566.9896,567.2004,566.7950,566.8200,986002
2025-07-25 15:00:00,566.9000,567.1200,566.8000,567.0000,484936
2025-07-25 14:45:00,567.2500,567.3100,566.8700,566.9150,1327528
2025-07-25 14:30:00,567.1300,567.2800,566.9800,567.2500,475888
2025-07-25 14:15:00,566.9800,567.3200,566.9700,567.1250,451607
2025-07-25 14:00:00,566.8300,567.0000,566.5500,566.9700,594144
2025-07-25 13:45:00,567.0100,567.0700,566.7600,566.8200,433429
2025-07-25 13:30:00,566.9700,567.2090,566.9100,567.0000,456699
2025-07-25 13:15:00,567.0100,567.1200,566.6720,566.9700,512067
2025-07-25 13:00:00,567.0900,567.1100,566.9096,567.0150,562132
2025-07-25 12:45:00,567.2200,567.3300,567.0200,567.1000,474599
2025-07-25 12:30:00,567.4000,567.6950,567.1300,567.2126,1062198
2025-07-25 12:15:00,566.9200,567.5900,566.7600,567.4150,1379512
2025-07-25 12:00:00,566.3900,567.0500,566.2900,566.9289,1721636
2025-07-25 11:45:00,565.9900,566.4800,565.9600,566.3901,756787
2025-07-25 11:30:00,566.3500,566.5400,565.9500,566.0100,689885
2025-07-25 11:15:00,566.0050,566.4300,565.9700,566.3550,833317
2025-07-25 11:00:00,566.0200,566.0900,565.7300,566.0000,775900
2025-07-25 10:45:00,566.1100,566.2800,565.6600,566.0200,1131830
2025-07-25 10:30:00,566.0300,566.3700,565.7500,566.1000,1094205
2025-07-25 10:15:00,566.0400,566.1200,565.6800,566.0300,1107297
2025-07-25 10:00:00,565.6800,566.3100,565.5300,566.0400,1359767
2025-07-25 09:45:00,565.0200,566.1100,564.9900,565.6520,2084303
2025-07-25 09:30:00,564.9300,565.3900,564.2700,564.9800,2293684
2025-07-25 09:15:00,564.8800,565.3000,564.7900,564.9490,74945
2025-07-25 09:00:00,565.2100,565.2700,564.6295,564.8900,126406
2025-07-25 08:45:00,565.1750,565.2800,565.0100,565.2299,36472
2025-07-25 08:30:00,565.3699,565.5900,565.1600,565.1900,41492
2025-07-25 08:15:00,565.0500,565.4700,564.5870,565.3400,46373
2025-07-25 08:00:00,565.0712,566.6500,564.7785,565.0200,123335
2025-07-25 07:45:00,565.3600,565.3600,564.9800,565.0800,14722
2025-07-25 07:30:00,565.2800,565.4500,565.1300,565.4200,7687
2025-07-25 07:15:00,565.4300,565.4700,565.2000,565.3800,8905
2025-07-25 07:00:00,565.5900,565.6400,565.3100,565.4600,15465
2025-07-25 06:45:00,565.5200,565.6900,565.4800,565.6000,13243
2025-07-25 06:30:00,565.2900,565.5400,565.2800,565.5100,8762
2025-07-25 06:15:00,565.2600,565.3900,565.1900,565.2700,9636
2025-07-25 06:00:00,565.2500,565.3100,565.2000,565.2800,3242
2025-07-25 05:45:00,565.2500,565.2900,565.0800,565.2500,6782
2025-07-25 05:30:00,565.1500,565.3400,565.1500,565.2200,3207
2025-07-25 05:15:00,565.0600,565.1600,564.8600,565.1600,12318
2025-07-25 05:00:00,565.2800,565.2800,564.9900,565.0500,10925
2025-07-25 04:45:00,565.2700,565.4400,565.2500,565.3000,6318
2025-07-25 04:30:00,565.2200,565.4300,565.2100,565.2600,6152
2025-07-25 04:15:00,565.1600,565.2000,564.7000,565.2000,13359
2025-07-25 04:00:00,565.1100,565.7800,565.0300,565.1500,15348
2025-07-24 19:45:00,565.7500,565.9100,565.7101,565.8100,19322
2025-07-24 19:30:00,565.5400,565.7900,565.4200,565.7500,6712
2025-07-24 19:15:00,565.6600,565.6600,565.4700,565.5200,9968
2025-07-24 19:00:00,565.7000,565.7900,565.5400,565.6350,8036
2025-07-24 18:45:00,565.8500,565.8500,565.7000,565.7000,4797
2025-07-24 18:30:00,565.8600,565.8800,565.6800,565.8100,8585
2025-07-24 18:15:00,565.7900,566.0300,565.7500,565.8800,52600
2025-07-24 18:00:00,565.4900,565.7700,565.3590,565.7600,7179
2025-07-24 17:45:00,565.4800,565.5100,565.3600,565.4600,2232
2025-07-24 17:30:00,565.5200,565.5700,565.3600,565.4600,7874
2025-07-24 17:15:00,565.5350,565.5700,565.4300,565.4750,6478
2025-07-24 17:00:00,565.5300,565.5700,565.0100,565.5300,111054
2025-07-24 16:45:00,565.5600,566.5180,529.1189,565.5400,33655
2025-07-24 16:30:00,565.4600,565.6900,565.4300,565.5700,70920
2025-07-24 16:15:00,565.0100,565.5000,565.0100,565.4602,143842
2025-07-24 16:00:00,565.0900,565.8000,563.5991,565.5100,1857724
2025-07-24 15:45:00,565.8100,565.8250,564.9800,565.0900,5202537
2025-07-24 15:30:00,566.0500,566.1800,565.6900,565.8050,2916766
2025-07-24 15:15:00,565.7950,566.2400,565.7700,566.0650,2102413
2025-07-24 15:00:00,565.7150,566.0300,565.6200,565.7900,1709094
2025-07-24 14:45:00,565.7700,565.8200,565.1500,565.7100,1319800
2025-07-24 14:30:00,566.0700,566.1997,565.6800,565.7720,993381
2025-07-24 14:15:00,566.0400,566.1500,565.8400,566.0700,1028246
2025-07-24 14:00:00,565.3293,566.2300,565.3093,566.0300,1628210
2025-07-24 13:45:00,565.4600,565.7300,565.2500,565.3200,665413
2025-07-24 13:30:00,565.4600,565.7400,565.3200,565.4600,609870
2025-07-24 13:15:00,566.0000,566.2300,565.4300,565.4550,895316
2025-07-24 13:00:00,565.0000,566.0300,564.9100,565.9810,1080281
2025-07-24 12:45:00,564.8000,565.1097,564.5950,565.0100,780386
2025-07-24 12:30:00,564.5450,564.9451,564.3800,564.8001,955929
2025-07-24 12:15:00,564.6600,565.0300,564.2700,564.5400,1123998
2025-07-24 12:00:00,565.3950,565.4300,564.6000,564.6750,1184642
2025-07-24 11:45:00,565.2100,565.7200,565.1200,565.4200,1024958
2025-07-24 11:30:00,565.2700,565.3500,564.9748,565.2100,893496
2025-07-24 11:15:00,565.4400,565.6400,565.1300,565.2650,846822
2025-07-24 11:00:00,565.0800,565.5200,565.0400,565.4500,1171296
2025-07-24 10:45:00,564.6000,565.2900,564.5800,565.0700,1212133
2025-07-24 10:30:00,564.1200,564.8050,564.0300,564.5950,1036021
2025-07-24 10:15:00,563.6400,564.2900,563.3700,564.1100,1362784
2025-07-24 10:00:00,564.8800,564.9100,563.2950,563.6300,2243603
2025-07-24 09:45:00,564.8100,565.7700,564.4800,564.8500,1584618
2025-07-24 09:30:00,565.1300,565.7200,563.8700,564.7750,3651160
2025-07-24 09:15:00,564.6900,565.2396,564.5000,565.1200,147075
2025-07-24 09:00:00,564.7600,564.7900,560.9950,564.6800,122491
2025-07-24 08:45:00,564.3600,564.8000,563.8100,564.7500,194873
2025-07-24 08:30:00,565.2000,565.2900,563.8100,564.3700,240017
2025-07-24 08:15:00,565.5200,565.5300,563.8100,565.2300,61916
2025-07-24 08:00:00,564.9412,565.8400,563.8100,565.4800,81887
2025-07-24 07:45:00,565.6400,565.6600,565.3800,565.4100,18804
2025-07-24 07:30:00,565.5500,565.8400,565.4200,565.5900,21617
2025-07-24 07:15:00,565.3300,565.6200,565.3000,565.5700,19007
2025-07-24 07:00:00,565.1300,565.3700,564.9500,565.3300,54966
2025-07-24 06:45:00,565.1700,565.1800,565.0000,565.1300,7837
2025-07-24 06:30:00,565.0800,565.2000,564.8700,565.2000,12022
2025-07-24 06:15:00,565.3500,565.4500,565.0100,565.0700,11314
2025-07-24 06:00:00,565.5500,565.6200,565.3400,565.3500,16209
2025-07-24 05:45:00,565.4900,565.7000,565.4900,565.5500,4803
2025-07-24 05:30:00,565.5000,565.6500,565.4400,565.4800,7415
2025-07-24 05:15:00,565.4800,565.5400,565.3300,565.4500,8445
2025-07-24 05:00:00,565.5400,565.5900,565.3700,565.4900,5456
2025-07-24 04:45:00,565.3300,565.5300,565.3300,565.5300,9073
2025-07-24 04:30:00,565.3400,565.4900,565.2800,565.3700,12828
2025-07-24 04:15:00,565.0700,565.3600,565.0700,565.3400,18537
2025-07-24 04:00:00,565.6300,565.6300,564.4700,565.0400,22491
2025-07-23 19:45:00,565.5800,565.7500,565.5000,565.6700,33029
2025-07-23 19:30:00,565.4000,565.6800,565.3690,565.5707,17373
2025-07-23 19:15:00,565.5400,565.5700,565.3500,565.3700,5819
2025-07-23 19:00:00,565.3500,565.6800,565.3000,565.5400,8874
2025-07-23 18:45:00,565.3510,565.4000,565.2300,565.3100,9208
2025-07-23 18:30:00,565.5450,565.6004,565.2500,565.3650,21342
2025-07-23 18:15:00,565.5300,565.6400,565.3101,565.5400,16383
2025-07-23 18:00:00,565.5700,565.6600,565.2900,565.6400,34061
2025-07-23 17:45:00,565.7200,565.8000,565.3100,565.5600,32523
2025-07-23 17:30:00,565.6400,565.9500,563.8100,565.7600,86189
2025-07-23 17:15:00,565.9700,566.1000,565.5600,565.6498,43586
2025-07-23 17:00:00,565.8600,566.2900,563.8100,566.0350,162704
2025-07-23 16:45:00,565.8300,574.7467,563.2200,565.8700,243040
2025-07-23 16:30:00,564.8400,566.0400,563.8100,565.8200,329456
2025-07-23 16:15:00,563.8100,565.6800,561.7068,564.8200,374238
2025-07-23 16:00:00,563.8400,565.7699,561.1982,565.6500,2714966
2025-07-23 15:45:00,562.5550,563.8400,562.5050,563.8300,3213374
2025-07-23 15:30:00,563.0800,563.0800,562.5000,562.5700,1324185
2025-07-23 15:15:00,562.9900,563.1600,562.8800,563.0900,638728
2025-07-23 15:00:00,563.2900,563.3000,562.9200,563.0100,1179301
2025-07-23 14:45:00,563.2000,563.3799,563.0500,563.2700,493879
2025-07-23 14:30:00,563.1200,563.2877,562.8750,563.1900,877212
2025-07-23 14:15:00,563.0600,563.8000,562.9100,563.1250,1394422
2025-07-23 14:00:00,562.3600,563.2000,562.3600,563.0500,1113918
2025-07-23 13:45:00,562.3300,562.5100,561.4700,562.3607,1398912
2025-07-23 13:30:00,561.6600,562.3500,561.6300,562.3300,812994
2025-07-23 13:15:00,561.3600,561.8000,561.2000,561.6600,508412
2025-07-23 13:00:00,561.5400,561.7800,561.3000,561.3800,863601
2025-07-23 12:45:00,561.5100,561.7000,561.3200,561.5400,603723
2025-07-23 12:30:00,561.0900,561.5300,560.9400,561.5048,865023
2025-07-23 12:15:00,561.6100,561.8000,560.7100,561.0900,1077681
2025-07-23 12:00:00,562.2100,562.3650,561.4400,561.5900,2132966
2025-07-23 11:45:00,561.1400,563.0700,560.9150,562.2200,2953277
2025-07-23 11:30:00,561.0400,561.1800,560.7800,561.1400,765485
2025-07-23 11:15:00,560.6100,561.1300,560.5350,561.0450,1210705
2025-07-23 11:00:00,560.8400,561.2700,560.3500,560.6100,988114
2025-07-23 10:45:00,560.2200,560.9400,560.0900,560.8480,821977
2025-07-23 10:30:00,560.6800,560.7250,559.6700,560.2300,1389188
2025-07-23 10:15:00,559.6700,560.6900,559.6400,560.6900,1322212
2025-07-23 10:00:00,560.0300,560.4900,559.5800,559.6800,1855916
2025-07-23 09:45:00,560.8000,561.1000,559.9300,560.0500,2322479
2025-07-23 09:30:00,562.3400,562.3700,560.4500,560.7999,3299043
2025-07-23 09:15:00,561.8000,562.6000,561.6850,562.3209,138384
2025-07-23 09:00:00,561.7100,561.9500,561.6400,561.8000,49449
2025-07-23 08:45:00,561.9400,562.0300,561.2500,561.7400,88862
2025-07-23 08:30:00,562.0900,562.0900,561.6800,561.9000,70521
2025-07-23 08:15:00,562.3100,562.3600,561.8400,562.0900,84722
2025-07-23 08:00:00,562.3500,562.8400,560.8300,562.3101,113337
2025-07-23 07:45:00,562.2000,562.3000,562.1200,562.2800,31037
2025-07-23 07:30:00,562.0900,562.3800,562.0200,562.1900,20918
2025-07-23 07:15:00,562.0600,562.2000,561.9200,562.1000,18593
2025-07-23 07:00:00,562.3800,562.4500,561.6900,562.1700,56767
2025-07-23 06:45:00,562.6600,562.7000,562.3500,562.3500,12549
2025-07-23 06:30:00,562.6500,562.8400,562.6000,562.6500,29167
2025-07-23 06:15:00,562.4600,562.7500,562.4300,562.6100,8633
2025-07-23 06:00:00,562.6600,562.6800,562.4500,562.4900,6262
2025-07-23 05:45:00,562.4300,562.6900,562.4000,562.6000,10004
2025-07-23 05:30:00,562.3400,562.4800,562.3000,562.4100,9893
2025-07-23 05:15:00,562.6100,562.6800,562.3500,562.3600,12009
2025-07-23 05:00:00,562.7700,562.8600,562.6200,562.6200,10554
2025-07-23 04:45:00,562.5500,562.8400,562.5100,562.7700,8290
2025-07-23 04:30:00,562.6700,562.6700,562.3800,562.5400,11067
2025-07-23 04:15:00,562.5300,562.7600,562.3600,562.6700,13445
2025-07-23 04:00:00,562.2700,562.6000,562.2000,562.5400,22060
2025-07-22 19:45:00,561.7200,562.3600,561.6100,562.3000,61234
2025-07-22 19:30:00,561.6400,561.8800,561.3800,561.6800,21931
2025-07-22 19:15:00,561.3550,562.0900,561.3550,561.6400,124124
2025-07-22 19:00:00,560.3100,561.6800,560.2900,561.3300,27072
2025-07-22 18:45:00,560.2000,560.3200,560.0500,560.3100,5921
2025-07-22 18:30:00,560.2100,560.3800,560.0800,560.2100,44147
2025-07-22 18:15:00,560.4600,560.5200,560.2000,560.2250,31087
2025-07-22 18:00:00,560.5000,560.8450,560.3700,560.4200,69446
2025-07-22 17:45:00,560.3600,560.5000,560.3600,560.3700,4371
2025-07-22 17:30:00,560.5000,560.5000,560.3600,560.4300,7463
2025-07-22 17:15:00,560.5100,560.5900,526.3503,560.5000,16325
2025-07-22 17:00:00,560.7084,561.2500,521.7424,560.5100,104000
2025-07-22 16:45:00,560.7000,560.7200,560.4900,560.6901,104888
2025-07-22 16:30:00,560.5800,560.7500,560.5700,560.6850,27652
2025-07-22 16:15:00,561.2500,564.3000,560.4700,560.6000,482695
2025-07-22 16:00:00,561.2800,561.3200,560.6000,560.7200,2200029
2025-07-22 15:45:00,561.7400,561.9400,561.2100,561.2900,3703518
2025-07-22 15:30:00,561.7100,562.1300,561.5750,561.7300,1660043
2025-07-22 15:15:00,561.5900,561.8900,561.5200,561.7200,988425
2025-07-22 15:00:00,562.0200,562.1400,561.5800,561.5800,1004789
2025-07-22 14:45:00,561.7600,562.0600,561.6400,562.0350,740534
2025-07-22 14:30:00,561.1445,561.9592,561.1000,561.7700,1031113
2025-07-22 14:15:00,561.2001,561.3300,560.0600,561.1500,1204678
2025-07-22 14:00:00,561.1800,561.4700,561.1100,561.2000,606853
2025-07-22 13:45:00,561.2700,561.3000,560.9600,561.1900,641941
2025-07-22 13:30:00,561.8200,563.2900,561.1000,561.2600,801898
2025-07-22 13:15:00,560.7950,561.9750,560.7950,561.8200,1188520
2025-07-22 13:00:00,560.7150,560.9600,560.6400,560.7950,712104
2025-07-22 12:45:00,560.1800,560.7700,559.8999,560.7100,969994
2025-07-22 12:30:00,560.1000,560.5100,559.7800,560.1700,952029
2025-07-22 12:15:00,560.8500,561.3599,559.9100,560.1000,1063204
2025-07-22 12:00:00,560.9500,561.1750,560.5300,560.8500,1009589
2025-07-22 11:45:00,561.1200,561.6100,560.8300,560.9350,863558
2025-07-22 11:30:00,560.9600,561.5600,560.8500,561.1200,990637
2025-07-22 11:15:00,560.9500,561.3099,560.6350,560.9700,857214
2025-07-22 11:00:00,561.3600,561.4900,560.8900,560.9600,1106608
2025-07-22 10:45:00,561.1300,561.4800,560.6800,561.3520,1210350
2025-07-22 10:30:00,560.0000,561.3900,559.9600,561.1300,1794234
2025-07-22 10:15:00,560.3200,560.7400,559.7401,560.0100,1882425
2025-07-22 10:00:00,559.3400,560.4800,558.6100,560.3200,3524892
2025-07-22 09:45:00,562.6700,562.6800,558.6300,559.3350,5813224
2025-07-22 09:30:00,564.3000,564.3500,562.1900,562.6600,3133381
2025-07-22 09:15:00,564.1700,564.2900,562.1750,564.2900,99652
2025-07-22 09:00:00,564.0300,564.2900,563.9700,564.2100,55928
2025-07-22 08:45:00,563.8650,564.1700,563.8025,564.0000,63273
2025-07-22 08:30:00,564.1500,564.1700,563.7100,563.8790,40661
2025-07-22 08:15:00,563.8800,564.1900,563.7100,564.1500,60695
2025-07-22 08:00:00,563.2712,564.3000,562.5100,563.9000,130234
2025-07-22 07:45:00,563.6700,564.0000,563.6600,563.9900,32700
2025-07-22 07:30:00,563.4200,563.8700,563.2500,563.6600,30701
2025-07-22 07:15:00,563.4300,563.4800,563.2400,563.3900,21307
2025-07-22 07:00:00,563.2300,563.8300,563.1000,563.4300,43571
2025-07-22 06:45:00,562.9100,563.2300,562.8300,563.2000,18752
2025-07-22 06:30:00,563.0200,563.1200,562.6900,562.8800,18887
2025-07-22 06:15:00,563.0700,563.1000,562.8500,562.9900,24593
2025-07-22 06:00:00,562.7900,563.2500,562.7900,563.0300,37160
2025-07-22 05:45:00,562.5700,562.8500,562.5700,562.8100,18374
2025-07-22 05:30:00,562.6500,562.7700,562.4600,562.5800,80908
2025-07-22 05:15:00,562.6900,562.8700,562.6400,562.6500,60505
2025-07-22 05:00:00,562.6200,562.8400,562.4400,562.6800,27940
2025-07-22 04:45:00,562.7500,562.9700,562.5200,562.6400,22432
2025-07-22 04:30:00,562.8500,563.0500,562.7200,562.7200,10330
2025-07-22 04:15:00,563.4800,563.5600,562.7900,562.9000,22922
2025-07-22 04:00:00,563.2800,564.4800,562.6600,563.5200,39689
2025-07-21 19:45:00,564.2600,564.3088,564.0000,564.2550,42295
2025-07-21 19:30:00,564.2900,564.3300,564.2300,564.2550,4967
2025-07-21 19:15:00,564.1900,564.2900,564.1600,564.2800,4692
2025-07-21 19:00:00,564.1400,564.2700,564.0950,564.1800,8350
2025-07-21 18:45:00,564.1800,564.2500,564.1200,564.1600,4712
2025-07-21 18:30:00,564.2800,564.2900,564.0900,564.1750,9093
2025-07-21 18:15:00,564.0900,564.3000,564.0200,564.2900,11859
2025-07-21 18:00:00,563.9600,564.3350,563.9500,564.1100,69506
2025-07-21 17:45:00,564.0700,564.0900,563.9400,563.9400,15621
2025-07-21 17:30:00,563.9800,564.0900,563.8800,564.0100,16280
2025-07-21 17:15:00,564.1600,564.1700,533.5127,563.9900,19436
2025-07-21 17:00:00,564.2400,564.2800,561.2140,564.1550,82358
2025-07-21 16:45:00,564.2000,564.2600,564.1700,564.2000,20723
2025-07-21 16:30:00,564.0700,564.2500,564.0600,564.1900,47731
2025-07-21 16:15:00,564.1700,564.4000,561.2500,564.0700,559349
2025-07-21 16:00:00,564.1700,564.4200,561.2500,564.3200,3374381
2025-07-21 15:45:00,564.4600,564.5800,563.7900,564.1600,3908985
2025-07-21 15:30:00,564.7450,564.9701,564.3800,564.4700,1701935
2025-07-21 15:15:00,564.8600,565.0200,564.6100,564.7499,1426293
2025-07-21 15:00:00,565.2850,565.3200,564.5400,564.8700,2020733
2025-07-21 14:45:00,565.5750,565.8800,565.1800,565.2700,1464356
2025-07-21 14:30:00,565.7950,565.8100,565.5000,565.5800,567163
2025-07-21 14:15:00,565.6400,565.9200,565.6400,565.7900,543372
2025-07-21 14:00:00,565.7700,565.8500,565.5300,565.6550,667384
2025-07-21 13:45:00,565.7800,566.0100,565.7800,565.7800,1043521
2025-07-21 13:30:00,565.9100,566.0490,565.7600,565.7900,487488
2025-07-21 13:15:00,565.7800,566.0400,565.6700,565.9300,947333
2025-07-21 13:00:00,565.6300,565.9099,565.6200,565.7800,908199
2025-07-21 12:45:00,565.2800,565.7550,565.2197,565.6201,1425208
2025-07-21 12:30:00,564.9620,565.3300,564.9400,565.2900,873489
2025-07-21 12:15:00,564.9700,565.0500,564.5350,564.9800,1139116
2025-07-21 12:00:00,565.1600,565.2781,564.7000,564.9850,1241259
2025-07-21 11:45:00,565.4700,565.5900,565.0650,565.1600,932635
2025-07-21 11:30:00,565.4300,565.6299,565.3400,565.4800,708600
2025-07-21 11:15:00,565.4600,565.5100,565.1148,565.4299,712170
2025-07-21 11:00:00,565.4500,565.4700,565.0300,565.4600,931020
2025-07-21 10:45:00,565.7200,565.7200,565.1900,565.4500,1023681
2025-07-21 10:30:00,565.8900,566.0600,565.5308,565.7300,1640928
2025-07-21 10:15:00,565.4800,565.9000,565.2000,565.8784,1476395
2025-07-21 10:00:00,564.9300,565.5200,564.9300,565.4700,1736522
2025-07-21 09:45:00,564.0500,565.3900,564.0199,564.9100,2553384
2025-07-21 09:30:00,562.0900,564.2720,562.0600,564.0400,2566560
2025-07-21 09:15:00,561.4300,562.1400,561.4200,562.1200,115556
2025-07-21 09:00:00,561.6700,561.7800,561.3200,561.4100,179431
2025-07-21 08:45:00,562.3700,562.8600,561.2600,561.6700,165960
2025-07-21 08:30:00,562.5800,562.7000,562.3000,562.3400,72330
2025-07-21 08:15:00,562.5100,562.6200,562.4500,562.6000,35630
2025-07-21 08:00:00,562.9200,563.3240,561.2600,562.5300,72830
2025-07-21 07:45:00,562.6600,562.7600,562.5500,562.6000,38718
2025-07-21 07:30:00,562.7900,562.9200,562.6300,562.6500,19381
2025-07-21 07:15:00,562.6500,562.8300,562.6000,562.8100,20156
2025-07-21 07:00:00,562.9600,562.9700,562.6300,562.6300,29383
2025-07-21 06:45:00,562.9300,563.0600,562.7100,562.9200,34472
2025-07-21 06:30:00,563.1200,563.1300,562.8500,562.9500,22808
2025-07-21 06:15:00,563.1000,563.2000,563.0700,563.0900,5814
2025-07-21 06:00:00,562.9200,563.2900,562.8100,563.1400,15992
2025-07-21 05:45:00,562.8400,562.9900,562.8400,562.9000,13980
2025-07-21 05:30:00,563.0600,563.0900,562.8200,562.8500,14033
2025-07-21 05:15:00,563.0400,563.1100,562.9700,563.0600,13582
2025-07-21 05:00:00,562.9400,563.1400,562.9400,563.0200,13944
2025-07-21 04:45:00,562.7800,562.9400,562.7400,562.9100,6989
2025-07-21 04:30:00,563.0100,563.0400,562.7400,562.7800,10846
2025-07-21 04:15:00,563.0800,563.0800,562.7800,563.0400,15571
2025-07-21 04:00:00,563.0100,563.3600,562.5200,563.0800,35170
2025-07-18 19:45:00,561.4550,561.5900,561.4090,561.4600,17790
2025-07-18 19:30:00,561.4500,561.4900,561.4500,561.4500,5687
2025-07-18 19:15:00,561.4700,561.5000,561.3600,561.4600,6585
2025-07-18 19:00:00,561.5000,561.5000,561.4400,561.4700,4797
2025-07-18 18:45:00,561.4700,561.5100,561.4400,561.4500,2578
2025-07-18 18:30:00,561.3900,561.5000,561.2800,561.4700,3052
2025-07-18 18:15:00,561.3500,561.5000,561.2700,561.3900,2782
2025-07-18 18:00:00,561.3250,561.5500,561.2700,561.4250,5983
2025-07-18 17:45:00,561.3950,561.4400,561.2600,561.3250,6700
2025-07-18 17:30:00,561.5750,561.6000,487.1613,561.3950,7435
2025-07-18 17:15:00,561.3200,561.5900,475.1900,561.5800,60174
2025-07-18 17:00:00,561.3000,561.3400,532.8758,561.3300,233824
2025-07-18 16:45:00,561.1700,561.3300,561.1100,561.3300,179366
2025-07-18 16:30:00,561.1800,561.2900,561.1000,561.1797,36193
2025-07-18 16:15:00,561.2600,561.6256,561.0804,561.1800,458853
2025-07-18 16:00:00,561.2600,561.6256,560.9200,561.2000,2810812
2025-07-18 15:45:00,560.8700,561.3200,560.7901,561.2600,3652215
2025-07-18 15:30:00,560.9500,561.0100,560.6400,560.8600,1267695
2025-07-18 15:15:00,560.8900,561.3800,560.8800,560.9500,1240093
2025-07-18 15:00:00,560.7300,560.9500,560.6100,560.8900,830757
2025-07-18 14:45:00,561.1400,561.1950,560.5800,560.7350,989324
2025-07-18 14:30:00,561.0550,561.2981,560.9000,561.1500,1054427
2025-07-18 14:15:00,560.6700,561.0799,560.5100,561.0700,946476
2025-07-18 14:00:00,560.6400,561.0700,560.5700,560.6800,3882750
2025-07-18 13:45:00,560.8150,560.9000,560.3800,560.6114,1044942
2025-07-18 13:30:00,560.9200,561.2100,560.7800,560.8220,1122953
2025-07-18 13:15:00,560.8000,561.1100,560.5700,560.9202,1583907
2025-07-18 13:00:00,560.3600,560.8000,560.0100,560.7800,2290817
2025-07-18 12:45:00,560.8500,561.0374,560.2200,560.3600,1673658
2025-07-18 12:30:00,560.7300,560.9400,559.9800,560.8400,1574833
2025-07-18 12:15:00,561.1900,561.2700,560.1300,560.7200,1886014
2025-07-18 12:00:00,561.8100,561.8500,561.1700,561.1900,1059805
2025-07-18 11:45:00,561.4600,561.9200,561.3950,561.8050,897918
2025-07-18 11:30:00,561.0500,564.7262,561.0500,561.4500,1448475
2025-07-18 11:15:00,560.7750,561.1700,560.6600,561.0450,3123863
2025-07-18 11:00:00,560.7800,561.0999,560.3200,560.7850,2549846
2025-07-18 10:45:00,561.2100,561.3800,560.7400,560.7780,1388740
2025-07-18 10:30:00,560.4900,561.2300,560.4100,561.2150,1433854
2025-07-18 10:15:00,561.3900,561.5900,560.3300,560.4801,2488964
2025-07-18 10:00:00,562.1200,562.8700,561.2700,561.4100,1522407
2025-07-18 09:45:00,562.3300,563.0000,561.9500,562.0800,1732387
2025-07-18 09:30:00,563.1200,563.3200,562.1100,562.3500,2571868
2025-07-18 09:15:00,562.5300,563.8000,557.9750,563.1100,1246296
2025-07-18 09:00:00,562.3200,562.6500,562.2850,562.5600,67062
2025-07-18 08:45:00,562.2200,562.3900,561.8000,562.3300,46496
2025-07-18 08:30:00,562.1800,562.2900,562.0000,562.2200,52272
2025-07-18 08:15:00,562.1000,562.3100,562.0900,562.1800,47876
2025-07-18 08:00:00,562.3288,563.2500,561.3790,562.0900,111214
2025-07-18 07:45:00,562.1900,562.4700,562.1900,562.2100,22711
2025-07-18 07:30:00,562.1500,562.3000,562.1400,562.1800,19690
2025-07-18 07:15:00,562.1700,562.1800,561.9400,562.1700,21451
2025-07-18 07:00:00,562.2900,562.4200,562.1400,562.1600,21874
2025-07-18 06:45:00,562.1600,562.3000,562.1300,562.2600,8707
2025-07-18 06:30:00,562.1400,562.2500,561.9800,562.2000,13706
2025-07-18 06:15:00,562.4900,562.4900,561.9700,562.1600,23108
2025-07-18 06:00:00,562.5900,562.6300,562.4300,562.5000,4826
2025-07-18 05:45:00,562.6000,562.6800,562.5000,562.5500,4962
2025-07-18 05:30:00,562.7400,562.8000,562.5600,562.6400,6042
2025-07-18 05:15:00,562.7900,562.8200,562.5900,562.7400,6288
2025-07-18 05:00:00,562.6600,562.8000,562.5900,562.7900,7769
2025-07-18 04:45:00,562.5300,562.7200,562.5200,562.6600,6564
2025-07-18 04:30:00,562.6200,562.6200,562.4500,562.5600,8911
2025-07-18 04:15:00,562.5200,562.7300,562.4900,562.6400,6977
2025-07-18 04:00:00,562.3200,562.6100,562.2400,562.5300,11895
2025-07-17 19:45:00,562.1700,562.5200,562.1202,562.3700,47071
2025-07-17 19:30:00,562.0900,562.1400,561.9900,562.1300,8382
2025-07-17 19:15:00,562.1500,562.4100,561.9400,562.0700,63475
2025-07-17 19:00:00,561.7900,562.2400,561.7800,562.2400,49218
2025-07-17 18:45:00,561.6650,561.7700,561.6500,561.7600,11912
2025-07-17 18:30:00,561.8000,561.8000,561.6100,561.6600,12976
2025-07-17 18:15:00,561.7900,561.8699,561.6550,561.8000,3608
2025-07-17 18:00:00,561.8400,561.8500,561.5000,561.7900,50741
2025-07-17 17:45:00,561.7800,561.9800,561.6500,561.8500,19925
2025-07-17 17:30:00,561.9550,562.0000,561.7100,561.7500,74086
2025-07-17 17:15:00,561.8850,562.0000,561.8000,562.0000,102824
2025-07-17 17:00:00,561.9450,561.9900,529.1189,561.8890,153799
2025-07-17 16:45:00,561.9700,562.0700,561.9300,562.0000,48525
2025-07-17 16:30:00,561.9700,562.2100,561.8000,561.9900,125619
2025-07-17 16:15:00,561.8000,562.0800,561.6700,561.9650,149574
2025-07-17 16:00:00,561.8200,562.0100,557.4183,561.7500,2544486
2025-07-17 15:45:00,561.7600,562.2800,561.4900,561.8000,4017662
2025-07-17 15:30:00,561.8800,562.1600,561.7300,561.7700,1707213
2025-07-17 15:15:00,561.8000,561.9300,561.7850,561.8850,1369057
2025-07-17 15:00:00,561.6700,562.1400,561.6200,561.8100,1161153
2025-07-17 14:45:00,561.7500,561.9300,561.6300,561.6600,1013892
2025-07-17 14:30:00,561.7550,561.8300,561.5250,561.7400,1220043
2025-07-17 14:15:00,561.4150,561.8300,561.3000,561.7550,1228474
2025-07-17 14:00:00,562.2350,562.3100,561.4000,561.4150,1114625
2025-07-17 13:45:00,561.8700,562.2350,561.7300,562.2300,1190429
2025-07-17 13:30:00,561.8100,561.9800,561.6900,561.8700,580269
2025-07-17 13:15:00,561.8150,561.9400,561.2100,561.8150,841732
2025-07-17 13:00:00,561.7800,561.8450,561.5550,561.8150,1160891
2025-07-17 12:45:00,561.6700,561.9601,561.5950,561.7750,635495
2025-07-17 12:30:00,561.8200,561.8750,561.5200,561.6600,855460
2025-07-17 12:15:00,561.7550,562.2100,561.4800,561.8250,1863660
2025-07-17 12:00:00,561.5800,561.9550,561.5050,561.7500,1020538
2025-07-17 11:45:00,561.3400,561.6800,561.2500,561.5800,896267
2025-07-17 11:30:00,561.0850,561.4700,560.8100,561.3500,1185313
2025-07-17 11:15:00,561.2450,561.2900,560.7800,561.0849,998145
2025-07-17 11:00:00,560.2700,561.4400,560.2450,561.2300,2185011
2025-07-17 10:45:00,559.7750,560.3700,559.6500,560.2625,1338734
2025-07-17 10:30:00,559.3200,559.9050,559.1500,559.7500,1125334
2025-07-17 10:15:00,559.2700,559.3700,558.3900,559.3100,1496046
2025-07-17 10:00:00,559.2200,559.8100,559.0000,559.2600,1725263
2025-07-17 09:45:00,558.5600,559.4200,558.4500,559.2000,1428778
2025-07-17 09:30:00,558.0200,558.6900,557.2100,558.5550,3101246
2025-07-17 09:15:00,558.8500,558.8800,557.2050,558.0100,174997
2025-07-17 09:00:00,559.1100,559.4000,558.8600,558.8700,84532
2025-07-17 08:45:00,558.5700,559.1900,557.2900,559.1300,85335
2025-07-17 08:30:00,557.9900,558.6500,557.7100,558.6100,122044
2025-07-17 08:15:00,557.7200,557.9900,557.4300,557.9900,48722
2025-07-17 08:00:00,558.3288,559.2500,556.3300,557.6950,118143
2025-07-17 07:45:00,557.6700,557.7600,557.4100,557.7200,22305
2025-07-17 07:30:00,557.8700,557.8700,557.4800,557.6100,11822
2025-07-17 07:15:00,557.8500,557.9500,557.6600,557.8300,12739
2025-07-17 07:00:00,557.8400,557.9500,557.4100,557.8500,25702
2025-07-17 06:45:00,558.1700,558.2700,557.7700,557.8200,28747
2025-07-17 06:30:00,558.3300,558.3700,558.1300,558.1700,12447
2025-07-17 06:15:00,558.2400,558.3700,558.1400,558.3500,7447
2025-07-17 06:00:00,558.2600,558.4100,558.1900,558.2400,9626
2025-07-17 05:45:00,558.4600,558.4600,558.2200,558.2700,5205
2025-07-17 05:30:00,558.4400,558.6500,558.3900,558.4800,5430
2025-07-17 05:15:00,558.5100,558.6600,558.3700,558.4500,7264
2025-07-17 05:00:00,558.1600,558.5700,558.1400,558.4800,7303
2025-07-17 04:45:00,558.1300,558.3400,557.9000,558.1200,11625
2025-07-17 04:30:00,558.0100,558.2500,557.9400,558.1200,6090
2025-07-17 04:15:00,558.1600,558.2500,557.7700,558.0200,13182
2025-07-17 04:00:00,557.6200,558.4600,557.6200,558.1400,22626
2025-07-16 19:45:00,556.6200,556.6705,556.4956,556.5600,7501
2025-07-16 19:30:00,556.5000,556.6800,556.3100,556.6550,7644
2025-07-16 19:15:00,556.5400,556.5700,556.3900,556.4800,11521
2025-07-16 19:00:00,556.4400,556.6300,556.4400,556.4800,3330
2025-07-16 18:45:00,556.5400,556.6100,556.3200,556.4205,6942
2025-07-16 18:30:00,556.6000,556.7097,556.4503,556.5100,13995
2025-07-16 18:15:00,556.7500,556.9200,556.6200,556.6200,6870
2025-07-16 18:00:00,557.2600,557.2600,556.5800,556.7150,47515
2025-07-16 17:45:00,557.1700,557.3850,557.1400,557.2700,33957
2025-07-16 17:30:00,557.0950,557.4200,557.0500,557.2000,21132
2025-07-16 17:15:00,557.0600,557.2000,556.9400,557.1000,40643
2025-07-16 17:00:00,556.9600,557.2900,555.4000,557.0600,141450
2025-07-16 16:45:00,557.0500,557.2900,524.1015,557.0250,196741
2025-07-16 16:30:00,556.9250,557.2900,556.8527,557.0800,305499
2025-07-16 16:15:00,557.2900,557.3500,556.8701,556.9200,104176
2025-07-16 16:00:00,557.3400,557.4315,552.8300,557.3100,3673791
2025-07-16 15:45:00,557.7500,557.8500,557.3000,557.3400,2903838
2025-07-16 15:30:00,557.2500,557.9400,557.1000,557.7599,1524320
2025-07-16 15:15:00,557.1350,557.3050,556.9200,557.2600,1023916
2025-07-16 15:00:00,557.2700,557.4700,557.0700,557.1300,1204156
2025-07-16 14:45:00,556.9800,557.2800,556.6500,557.2600,1117389
2025-07-16 14:30:00,556.5700,557.0800,556.5700,556.9801,1029729
2025-07-16 14:15:00,556.2700,556.6750,555.9200,556.5800,870992
2025-07-16 14:00:00,556.2000,556.4400,555.9901,556.2700,736176
2025-07-16 13:45:00,556.3300,556.5000,556.0000,556.1926,1003739
2025-07-16 13:30:00,556.4900,556.6300,556.1400,556.3300,1026349
2025-07-16 13:15:00,556.8500,557.0000,556.4500,556.4800,1393273
2025-07-16 13:00:00,556.5900,557.1100,556.3200,556.8500,1425998
2025-07-16 12:45:00,555.3800,560.2100,554.6000,556.5950,1544665
2025-07-16 12:30:00,555.1400,555.6600,555.0000,555.3901,869710
2025-07-16 12:15:00,555.0400,555.5251,554.4000,555.1000,988325
2025-07-16 12:00:00,555.2700,555.6992,554.6400,555.0700,1635500
2025-07-16 11:45:00,553.9400,556.0800,553.4100,555.2700,3627930
2025-07-16 11:30:00,555.0400,555.1200,551.5600,553.9200,4769148
2025-07-16 11:15:00,556.4900,556.5800,553.0700,555.0448,4866066
2025-07-16 11:00:00,555.3100,556.5200,555.1800,556.5199,1324764
2025-07-16 10:45:00,555.5600,556.3000,554.6000,555.2700,2452122
2025-07-16 10:30:00,555.6600,556.2700,555.2500,555.5650,1540270
2025-07-16 10:15:00,554.9200,555.7951,554.6000,555.6550,1524082
2025-07-16 10:00:00,554.7800,555.6200,554.3100,554.9380,2052638
2025-07-16 09:45:00,555.8100,556.2900,554.5200,554.7700,2137412
2025-07-16 09:30:00,557.2800,557.6700,555.6500,555.8300,2631319
2025-07-16 09:15:00,557.1700,557.4000,557.0600,557.3400,82927
2025-07-16 09:00:00,557.2900,557.3300,556.9600,557.1800,94784
2025-07-16 08:45:00,557.1400,557.5200,556.7200,557.2700,102719
2025-07-16 08:30:00,556.2600,557.5400,556.2400,557.1700,262945
2025-07-16 08:15:00,556.1600,556.3000,556.0100,556.0700,55112
2025-07-16 08:00:00,555.5888,556.7247,553.8900,556.2000,120538
2025-07-16 07:45:00,555.5700,556.0400,555.5400,556.0200,25569
2025-07-16 07:30:00,555.7700,555.7800,555.4300,555.5800,26556
2025-07-16 07:15:00,555.7900,556.0400,555.6800,555.8000,29852
2025-07-16 07:00:00,555.8300,556.1000,555.7000,555.7900,47491
2025-07-16 06:45:00,555.7000,556.0200,555.6600,555.8400,21232
2025-07-16 06:30:00,555.5000,555.8200,555.4900,555.6900,28030
2025-07-16 06:15:00,555.5500,555.6200,555.4200,555.4700,13974
2025-07-16 06:00:00,555.5300,555.5800,555.3500,555.5500,11635
2025-07-16 05:45:00,555.1900,555.5600,555.1700,555.5500,9496
2025-07-16 05:30:00,555.1100,555.3700,555.0500,555.1800,12130
2025-07-16 05:15:00,555.4000,555.6000,555.0900,555.1600,14569
2025-07-16 05:00:00,555.6000,555.6300,555.1100,555.3700,8279
2025-07-16 04:45:00,555.8400,555.8800,555.3900,555.5800,9679
2025-07-16 04:30:00,555.2900,555.8700,555.2900,555.8200,17613
2025-07-16 04:15:00,555.1700,555.4400,555.0300,555.2900,11119
2025-07-16 04:00:00,555.7700,555.7700,554.8200,555.1700,23725
2025-07-15 19:45:00,555.6800,555.8988,555.6000,555.7800,39705
2025-07-15 19:30:00,555.1900,555.6400,555.1500,555.6400,11969
2025-07-15 19:15:00,555.6300,555.6450,555.0600,555.1793,24012
2025-07-15 19:00:00,555.6900,555.8100,555.4100,555.5900,6716
2025-07-15 18:45:00,555.2950,555.7300,555.1000,555.6800,27033
2025-07-15 18:30:00,555.7600,555.7600,554.8500,555.3000,38354
2025-07-15 18:15:00,555.5700,555.8500,555.4950,555.7200,15397
2025-07-15 18:00:00,555.8750,556.2000,555.5200,555.5700,34083
2025-07-15 17:45:00,555.8600,555.9700,555.7300,555.8500,21569
2025-07-15 17:30:00,555.8600,555.9700,555.8200,555.8800,12725
2025-07-15 17:15:00,555.9000,555.9100,555.8200,555.8700,14415
2025-07-15 17:00:00,555.9100,556.7200,555.8700,555.9000,167858
2025-07-15 16:45:00,555.8600,555.9800,555.7100,555.9100,88946
2025-07-15 16:30:00,555.9200,556.0100,555.7200,555.8500,146698
2025-07-15 16:15:00,556.7200,556.7200,555.7300,555.9350,162255
2025-07-15 16:00:00,556.6900,558.6817,555.9300,556.0600,2496293
2025-07-15 15:45:00,558.0900,558.1800,556.6600,556.7000,3623349
2025-07-15 15:30:00,557.5800,558.1600,557.4200,558.0950,1116572
2025-07-15 15:15:00,557.9000,558.0100,557.3800,557.5700,1356846
2025-07-15 15:00:00,557.7100,558.3800,557.4800,557.9100,1530746
2025-07-15 14:45:00,559.0600,559.2300,557.7200,557.7300,1449897
2025-07-15 14:30:00,559.4600,559.6200,558.9750,559.0600,1245831
2025-07-15 14:15:00,559.6100,559.7500,559.3900,559.4600,965804
2025-07-15 14:00:00,559.5300,559.7300,559.3400,559.6100,921233
2025-07-15 13:45:00,558.8300,559.5401,558.6500,559.5100,835965
2025-07-15 13:30:00,558.3100,558.9950,558.2850,558.8299,739183
2025-07-15 13:15:00,557.9800,558.4000,557.5400,558.3200,1063753
2025-07-15 13:00:00,557.8300,558.6200,557.7900,557.9900,1114368
2025-07-15 12:45:00,558.7400,559.1100,557.4600,557.8400,1298457
2025-07-15 12:30:00,558.9650,559.3100,558.4900,558.7450,1043987
2025-07-15 12:15:00,558.9400,559.2400,558.7550,558.9600,904157
2025-07-15 12:00:00,559.2500,559.4800,558.6800,558.9500,1128402
2025-07-15 11:45:00,559.3900,559.7800,558.9600,559.2500,1160531
2025-07-15 11:30:00,559.5200,559.6000,558.8500,559.3900,1110967
2025-07-15 11:15:00,558.5000,559.5900,558.4100,559.5050,1372868
2025-07-15 11:00:00,557.8600,558.9950,557.8600,558.4900,1355988
2025-07-15 10:45:00,558.8350,559.3800,557.7600,557.8450,2067310
2025-07-15 10:30:00,559.7700,560.2599,558.6100,558.8550,1741351
2025-07-15 10:15:00,560.0000,560.2599,559.3000,559.7500,1691138
2025-07-15 10:00:00,558.8000,560.0500,558.3700,560.0250,2494912
2025-07-15 09:45:00,559.4200,559.8900,558.6550,558.7811,2014484
2025-07-15 09:30:00,560.2500,560.8000,558.4201,559.4200,3535586
2025-07-15 09:15:00,560.2750,560.7300,560.0900,560.3000,233799
2025-07-15 09:00:00,560.1900,560.3850,553.9950,560.2900,76727
2025-07-15 08:45:00,559.3900,560.4500,556.2100,560.1500,176903
2025-07-15 08:30:00,559.0100,560.3900,559.0000,559.3800,270947
2025-07-15 08:15:00,559.1150,559.1200,558.7100,559.0600,81557
2025-07-15 08:00:00,559.3188,560.0015,555.7930,559.1150,169490
2025-07-15 07:45:00,559.5400,559.5600,559.1900,559.5200,32652
2025-07-15 07:30:00,559.6300,559.7400,559.5500,559.5500,27504
2025-07-15 07:15:00,559.8900,560.0000,559.5400,559.6500,27521
2025-07-15 07:00:00,559.5700,560.1000,559.3000,559.8800,72053
2025-07-15 06:45:00,559.6900,559.7000,559.3900,559.6000,36555
2025-07-15 06:30:00,559.8200,560.0100,559.6100,559.7100,77625
2025-07-15 06:15:00,559.5600,559.8600,559.5500,559.8400,15722
2025-07-15 06:00:00,559.6300,559.6800,559.4400,559.5600,7268
2025-07-15 05:45:00,559.5000,559.6800,559.4100,559.6800,9928
2025-07-15 05:30:00,559.6000,559.8100,559.5000,559.5000,20921
2025-07-15 05:15:00,559.4200,559.6500,559.4000,559.6000,35102
2025-07-15 05:00:00,559.2200,559.4600,559.0900,559.4000,16844
2025-07-15 04:45:00,559.4100,559.5100,559.1800,559.2200,12122
2025-07-15 04:30:00,559.5600,559.6900,559.1000,559.3700,24685
2025-07-15 04:15:00,559.2500,559.7600,559.0000,559.5400,37840
2025-07-15 04:00:00,558.6200,559.3500,558.1200,559.2700,26701
2025-07-14 19:45:00,555.4700,555.7300,555.4600,555.6800,14116
2025-07-14 19:30:00,555.5200,555.6000,555.4700,555.5097,3913
2025-07-14 19:15:00,555.4500,555.5900,555.4000,555.4701,6464
2025-07-14 19:00:00,555.4200,555.4881,555.3400,555.4500,11624
2025-07-14 18:45:00,555.5200,555.6700,555.4000,555.4250,10289
2025-07-14 18:30:00,555.5899,555.6000,555.4150,555.5200,14709
2025-07-14 18:15:00,555.9291,555.9291,555.5200,555.5600,11219
2025-07-14 18:00:00,556.2200,556.2200,555.8000,555.9400,64241
2025-07-14 17:45:00,556.3000,556.3900,556.1800,556.2900,8173
2025-07-14 17:30:00,556.1522,556.3200,492.3000,556.2800,26673
2025-07-14 17:15:00,556.1650,574.4041,556.0000,556.1950,14615
2025-07-14 17:00:00,556.2450,574.4041,556.0000,556.1650,44051
2025-07-14 16:45:00,556.0800,556.2900,556.0400,556.1900,503285
2025-07-14 16:30:00,555.9500,556.1300,555.9000,556.0900,25832
2025-07-14 16:15:00,556.2100,556.2100,555.9250,555.9400,88208
2025-07-14 16:00:00,556.1800,556.3000,554.3291,556.0400,1839948
2025-07-14 15:45:00,556.0000,556.3800,555.7488,556.1800,2766697
2025-07-14 15:30:00,556.3500,556.3500,555.9200,556.0100,951636
2025-07-14 15:15:00,556.4400,556.6400,556.2100,556.3600,1062162
2025-07-14 15:00:00,556.5800,556.7600,556.2800,556.4400,1027396
2025-07-14 14:45:00,556.5800,556.7900,556.5000,556.5700,723180
2025-07-14 14:30:00,556.5500,556.6100,556.3900,556.5850,624374
2025-07-14 14:15:00,556.5000,556.6000,556.2700,556.5550,697752
2025-07-14 14:00:00,556.4200,556.6049,556.2250,556.5050,784233
2025-07-14 13:45:00,556.5200,556.7200,556.2300,556.4201,870373
2025-07-14 13:30:00,556.5600,556.9450,556.4600,556.5250,959722
2025-07-14 13:15:00,556.6300,556.8501,556.5200,556.5500,999270
2025-07-14 13:00:00,556.1700,556.6300,556.1581,556.6250,1086450
2025-07-14 12:45:00,555.7600,556.3200,555.6450,556.1600,1025200
2025-07-14 12:30:00,555.7200,556.0200,555.4800,555.7800,752799
2025-07-14 12:15:00,555.9600,556.0000,555.5900,555.7250,530614
2025-07-14 12:00:00,555.5700,556.0600,555.3600,555.9651,834278
2025-07-14 11:45:00,555.5050,555.6050,555.2400,555.5801,847702
2025-07-14 11:30:00,555.6600,555.7400,555.2000,555.5000,974956
2025-07-14 11:15:00,555.5600,555.8500,555.2300,555.6552,947522
2025-07-14 11:00:00,555.1600,555.9199,555.0100,555.5500,1918883
2025-07-14 10:45:00,554.3550,555.1800,554.2200,555.1700,1218138
2025-07-14 10:30:00,553.9100,554.4000,553.5400,554.3702,1159325
2025-07-14 10:15:00,554.0600,555.0800,553.7000,553.9451,2155677
2025-07-14 10:00:00,553.2800,554.1300,553.1500,554.0550,1648574
2025-07-14 09:45:00,551.9100,553.8600,551.6300,553.2700,2908433
2025-07-14 09:30:00,553.9900,554.8700,551.8800,551.9000,3672034
2025-07-14 09:15:00,553.0750,554.0400,552.8900,554.0400,124869
2025-07-14 09:00:00,552.9300,553.1000,552.7100,553.0500,46229
2025-07-14 08:45:00,553.0200,554.2000,552.7800,552.9700,36840
2025-07-14 08:30:00,553.1700,553.1900,552.6700,553.0600,46244
2025-07-14 08:15:00,552.8000,553.1900,552.7400,553.1750,61386
2025-07-14 08:00:00,552.5200,554.6150,550.7400,552.8000,155975
2025-07-14 07:45:00,552.9400,553.0000,552.6500,552.6800,45547
2025-07-14 07:30:00,552.2800,552.9500,552.2500,552.9100,19352
2025-07-14 07:15:00,552.7700,552.7700,552.1500,552.3000,24036
2025-07-14 07:00:00,552.4600,552.8000,552.2800,552.7500,30437
2025-07-14 06:45:00,552.6300,552.6600,552.4000,552.4500,16270
2025-07-14 06:30:00,552.6100,552.6300,552.2700,552.6200,26624
2025-07-14 06:15:00,552.7500,552.8000,552.5200,552.6100,19876
2025-07-14 06:00:00,552.9400,552.9900,552.5200,552.7100,16394
2025-07-14 05:45:00,552.9400,553.0500,552.8200,552.9600,10801
2025-07-14 05:30:00,552.8100,552.9900,552.7000,552.9700,12814
2025-07-14 05:15:00,552.7000,552.8900,552.5000,552.8000,18360
2025-07-14 05:00:00,552.6800,552.7100,552.4900,552.7000,13020
2025-07-14 04:45:00,552.3500,552.9500,552.3400,552.6700,59201
2025-07-14 04:30:00,552.2100,552.3700,552.1600,552.2800,15828
2025-07-14 04:15:00,552.5000,552.5400,552.1400,552.2100,14819
2025-07-14 04:00:00,555.4500,555.4500,551.2200,552.4900,27866
2025-07-11 19:45:00,553.4798,553.6700,553.4000,553.4550,10862
2025-07-11 19:30:00,553.5600,553.6000,553.3650,553.4799,11953
2025-07-11 19:15:00,553.6400,553.7500,553.5200,553.5200,3754
2025-07-11 19:00:00,553.7000,553.7900,553.5100,553.5200,3064
2025-07-11 18:45:00,553.6250,553.7000,553.5350,553.6000,6035
2025-07-11 18:30:00,553.5950,553.6962,553.5000,553.6250,6188
2025-07-11 18:15:00,553.6500,553.7900,553.5450,553.6000,7237
2025-07-11 18:00:00,553.7900,553.8800,553.6300,553.6900,8924
2025-07-11 17:45:00,553.8700,554.3151,553.7000,553.8500,2005
2025-07-11 17:30:00,553.8700,553.9800,553.7100,553.8800,3355
2025-07-11 17:15:00,553.7400,554.2000,553.7300,553.8800,25031
2025-07-11 17:00:00,553.7600,554.2000,553.6600,553.7450,169544
2025-07-11 16:45:00,553.7700,554.2000,553.7000,553.7800,119598
2025-07-11 16:30:00,553.7400,555.5221,553.7101,553.7600,526620
2025-07-11 16:15:00,554.2000,555.5221,553.6100,553.7500,398436
2025-07-11 16:00:00,554.2000,555.5221,553.8000,553.8500,2881151
2025-07-11 15:45:00,554.5300,554.8000,554.1900,554.2100,3061139
2025-07-11 15:30:00,554.8000,554.8551,554.4200,554.5300,990962
2025-07-11 15:15:00,554.6800,555.1950,554.6299,554.8000,1163036
2025-07-11 15:00:00,554.7100,554.7600,553.4800,554.6650,2181079
2025-07-11 14:45:00,555.5500,555.6000,554.5500,554.7200,1002344
2025-07-11 14:30:00,555.2900,555.7200,555.2000,555.5500,855142
2025-07-11 14:15:00,555.3900,555.4700,555.1000,555.2900,1105432
2025-07-11 14:00:00,555.2400,555.6050,555.1200,555.3900,785830
2025-07-11 13:45:00,554.6900,555.3650,554.6150,555.2600,647748
2025-07-11 13:30:00,555.4500,555.5500,554.3700,554.6800,1082464
2025-07-11 13:15:00,555.4900,555.6700,555.1800,555.4400,697309
2025-07-11 13:00:00,555.3600,555.7900,552.7500,555.4800,927616
2025-07-11 12:45:00,554.6200,555.4800,552.5000,555.3500,1075842
2025-07-11 12:30:00,555.1100,555.3300,554.6150,554.6400,704994
2025-07-11 12:15:00,554.6800,555.1700,554.5200,555.1001,862164
2025-07-11 12:00:00,554.7200,555.1500,554.3000,554.6700,1119729
2025-07-11 11:45:00,555.2710,555.3800,554.4200,554.7100,1259874
2025-07-11 11:30:00,554.0900,555.5100,554.0500,555.2700,1279867
2025-07-11 11:15:00,553.2700,554.4800,553.1100,554.0950,1170782
2025-07-11 11:00:00,554.5500,554.6800,553.2650,553.2650,1311327
2025-07-11 10:45:00,554.9500,555.0100,554.1000,554.5500,1298592
2025-07-11 10:30:00,555.0800,555.4800,554.6621,554.9700,1940727
2025-07-11 10:15:00,554.7900,555.3900,554.5750,555.0900,1428269
2025-07-11 10:00:00,554.4300,554.8300,553.9500,554.7900,1614329
2025-07-11 09:45:00,552.3800,554.5200,552.0500,554.4300,2267484
2025-07-11 09:30:00,553.3000,554.3300,552.2200,552.3700,2907070
2025-07-11 09:15:00,553.0800,553.4000,552.6700,553.3300,125136
2025-07-11 09:00:00,553.0499,553.3000,552.7300,553.0400,76681
2025-07-11 08:45:00,552.7900,555.4500,552.7900,553.0400,34362
2025-07-11 08:30:00,552.7200,553.1300,552.5400,552.7800,56431
2025-07-11 08:15:00,553.3800,553.3900,552.5000,552.7200,68522
2025-07-11 08:00:00,553.0188,555.8660,551.8500,553.3900,159429
2025-07-11 07:45:00,552.9500,553.5100,552.8800,553.1400,27742
2025-07-11 07:30:00,553.0800,553.2500,552.9000,552.9900,58550
2025-07-11 07:15:00,552.7900,553.1000,552.7100,553.0700,23512
2025-07-11 07:00:00,552.3300,552.8100,552.2100,552.7900,61088
2025-07-11 06:45:00,552.3500,552.5500,551.9900,552.2600,23773
2025-07-11 06:30:00,552.4600,552.5400,552.1000,552.3200,22725
2025-07-11 06:15:00,552.6800,552.6800,552.3200,552.3800,15973
2025-07-11 06:00:00,552.0700,552.7800,551.8100,552.7100,37062
2025-07-11 05:45:00,552.7500,552.8700,551.9700,552.1100,43547
2025-07-11 05:30:00,552.6100,553.1000,552.4400,552.8100,23026
2025-07-11 05:15:00,553.1300,553.2600,552.5500,552.5900,15695
2025-07-11 05:00:00,553.0400,553.2200,552.9000,553.1200,40767
2025-07-11 04:45:00,552.5700,553.1200,552.4900,553.0200,19617
2025-07-11 04:30:00,552.6900,552.7500,552.4000,552.5700,18515
2025-07-11 04:15:00,552.6100,552.8800,552.2300,552.7200,52054
2025-07-11 04:00:00,553.6300,555.0000,552.4500,552.6100,28050
2025-07-10 19:45:00,555.8650,556.2300,555.8650,556.1300,36057
2025-07-10 19:30:00,555.8601,556.1090,555.8200,555.8750,18516
2025-07-10 19:15:00,556.0400,556.0400,555.8400,555.8700,5636
2025-07-10 19:00:00,555.9950,556.1683,555.9300,556.0100,14006
2025-07-10 18:45:00,555.7600,556.0300,555.7400,555.9800,45473
2025-07-10 18:30:00,555.7500,555.8100,555.6200,555.7500,7893
2025-07-10 18:15:00,555.8200,555.9500,555.7700,555.8500,25490
2025-07-10 18:00:00,555.3500,555.9200,555.2800,555.8300,22677
2025-07-10 17:45:00,555.3800,555.4900,555.3400,555.3900,3956
2025-07-10 17:30:00,555.3650,555.4200,555.3100,555.4200,2013
2025-07-10 17:15:00,555.3100,555.4300,555.3100,555.3550,6273
2025-07-10 17:00:00,555.3600,555.4500,555.3100,555.3200,124348
2025-07-10 16:45:00,555.5400,566.5180,529.1189,555.3700,49543
2025-07-10 16:30:00,555.2800,555.7000,554.8615,555.5500,83200
2025-07-10 16:15:00,555.4500,555.4500,555.1900,555.3200,132357
2025-07-10 16:00:00,555.4600,555.5500,555.0500,555.2100,1213100
2025-07-10 15:45:00,555.9400,555.9598,554.8900,555.4700,2954769
2025-07-10 15:30:00,555.8000,556.1400,555.6600,555.9200,962049
2025-07-10 15:15:00,555.9400,556.0500,555.7300,555.8100,700592
2025-07-10 15:00:00,556.0000,556.1600,555.8900,555.9350,789981
2025-07-10 14:45:00,555.7600,556.1300,555.7000,556.0007,731586
2025-07-10 14:30:00,555.9150,556.0700,555.7400,555.7650,678039
2025-07-10 14:15:00,555.9800,556.2900,555.8900,555.9050,747267
2025-07-10 14:00:00,555.9900,556.1900,555.7901,555.9850,616848
2025-07-10 13:45:00,555.7400,556.0900,555.5200,555.9900,719631
2025-07-10 13:30:00,555.3900,555.8800,555.3853,555.7225,742119
2025-07-10 13:15:00,555.0600,555.5000,554.8600,555.3950,785966
2025-07-10 13:00:00,554.9200,555.3700,554.9000,555.0550,618466
2025-07-10 12:45:00,555.3300,555.3400,554.8600,554.9200,630617
2025-07-10 12:30:00,555.3000,555.4500,554.7099,555.3250,1298356
2025-07-10 12:15:00,554.4500,555.3500,554.2800,555.3053,858835
2025-07-10 12:00:00,555.6800,555.6900,554.2350,554.4700,1328852
2025-07-10 11:45:00,555.3900,555.6950,555.1900,555.6850,875915
2025-07-10 11:30:00,555.0600,555.3900,554.8050,555.3900,1358855
2025-07-10 11:15:00,554.0100,555.1600,553.9600,555.0593,1018912
2025-07-10 11:00:00,554.2300,554.5500,553.6900,554.0000,1045268
2025-07-10 10:45:00,554.4400,554.8000,554.0400,554.2407,1309594
2025-07-10 10:30:00,553.6200,554.5900,553.5500,554.4350,2109856
2025-07-10 10:15:00,553.7100,554.3300,552.9400,553.6000,1806384
2025-07-10 10:00:00,554.1600,554.1700,552.7500,553.6950,2585240
2025-07-10 09:45:00,555.8500,555.9500,553.6600,554.1600,2674480
2025-07-10 09:30:00,556.8900,557.3000,555.6900,555.8600,2463172
2025-07-10 09:15:00,556.2700,557.0100,556.2700,556.9000,86869
2025-07-10 09:00:00,556.3150,556.6200,556.1300,556.2500,64005
2025-07-10 08:45:00,556.1700,556.3700,555.9800,556.3200,55461
2025-07-10 08:30:00,556.6000,556.7400,556.0200,556.1600,48269
2025-07-10 08:15:00,556.6500,556.7200,554.8400,556.5200,62477
2025-07-10 08:00:00,555.5988,556.9300,554.6700,556.6607,127489
2025-07-10 07:45:00,556.8300,556.9300,556.6800,556.8000,27801
2025-07-10 07:30:00,556.4000,556.8300,556.3700,556.8300,35709
2025-07-10 07:15:00,556.3900,556.5500,556.3000,556.4500,9010
2025-07-10 07:00:00,556.1200,556.4700,556.0100,556.3900,18124
2025-07-10 06:45:00,556.1300,556.3400,556.0500,556.1200,19892
2025-07-10 06:30:00,555.9200,556.1800,555.9200,556.0900,23395
2025-07-10 06:15:00,555.9200,555.9300,555.8000,555.8800,7310
2025-07-10 06:00:00,555.6500,556.0000,555.6300,555.9200,9085
2025-07-10 05:45:00,555.4800,555.9000,555.4800,555.7000,14748
2025-07-10 05:30:00,555.6100,555.6100,555.4000,555.4500,16766
2025-07-10 05:15:00,556.0800,556.1400,555.4800,555.5900,16458
2025-07-10 05:00:00,556.1900,556.2700,556.0600,556.1400,10647
2025-07-10 04:45:00,556.0900,556.2100,555.9300,556.1900,9666
2025-07-10 04:30:00,555.9900,556.1700,555.8800,556.1200,8789
2025-07-10 04:15:00,555.5900,556.0900,555.5600,555.9500,19712
2025-07-10 04:00:00,555.8500,555.8500,555.4600,555.5900,18264
2025-07-09 19:45:00,555.9200,555.9400,555.7700,555.8600,31312
2025-07-09 19:30:00,556.1400,556.1400,555.8000,555.8700,8060
2025-07-09 19:15:00,556.1300,556.2400,556.0400,556.1300,6766
2025-07-09 19:00:00,556.3997,556.4200,556.1000,556.1400,6295
2025-07-09 18:45:00,556.3900,556.4400,556.2850,556.4100,6512
2025-07-09 18:30:00,556.3000,556.5200,556.3000,556.3900,2938
2025-07-09 18:15:00,556.3699,556.5488,556.3200,556.3200,14817
2025-07-09 18:00:00,556.0200,556.4300,555.8600,556.3700,25648
2025-07-09 17:45:00,556.0500,556.0600,556.0000,556.0000,2615
2025-07-09 17:30:00,556.0201,556.1000,555.9200,556.0500,10457
2025-07-09 17:15:00,556.0000,556.0800,555.9200,556.0300,6566
2025-07-09 17:00:00,556.0400,556.2500,486.1000,556.0000,115247
2025-07-09 16:45:00,555.9600,574.7467,555.9000,556.0550,64409
2025-07-09 16:30:00,555.9000,556.1000,555.8600,555.9600,49114
2025-07-09 16:15:00,556.2500,556.4300,552.3400,555.9400,250528
2025-07-09 16:00:00,556.2500,556.4600,554.8760,556.4199,1520406
2025-07-09 15:45:00,555.9900,556.3800,555.6500,556.2600,3718482
2025-07-09 15:30:00,555.8500,556.0800,555.7200,556.0000,1516610
2025-07-09 15:15:00,555.7300,556.1800,555.6600,555.8600,933066
2025-07-09 15:00:00,555.7600,555.9599,555.5400,555.7051,1992363
2025-07-09 14:45:00,555.3200,555.9200,555.2100,555.7550,870866
2025-07-09 14:30:00,555.3000,555.5800,555.2099,555.3350,649381
2025-07-09 14:15:00,555.3800,555.5500,555.0200,555.3050,1116277
2025-07-09 14:00:00,554.6000,555.6200,554.5600,555.3701,1263494
2025-07-09 13:45:00,554.5850,554.9600,554.0900,554.6300,1334978
2025-07-09 13:30:00,554.5700,555.0200,554.4300,554.5900,685561
2025-07-09 13:15:00,554.3800,554.8800,554.2750,554.6000,836514
2025-07-09 13:00:00,554.6000,554.9200,554.1100,554.4200,1101836
2025-07-09 12:45:00,554.7100,555.2050,554.6000,554.6050,1194949
2025-07-09 12:30:00,554.3700,554.8300,554.3630,554.7350,1071582
2025-07-09 12:15:00,553.9000,554.4712,553.8800,554.3650,715159
2025-07-09 12:00:00,553.7800,554.3458,553.5400,553.9200,946725
2025-07-09 11:45:00,554.6200,554.7400,553.6500,553.7850,1217726
2025-07-09 11:30:00,554.5300,554.6500,553.5700,554.5952,1132815
2025-07-09 11:15:00,553.5900,554.7400,553.1000,554.5251,1652440
2025-07-09 11:00:00,553.7400,554.1300,553.2900,553.6000,1879925
2025-07-09 10:45:00,554.4899,554.9850,553.2899,553.7400,2213324
2025-07-09 10:30:00,556.1400,556.1400,554.1200,554.4800,3295648
2025-07-09 10:15:00,557.1600,557.2600,555.8400,556.1350,1928459
2025-07-09 10:00:00,557.0300,557.6300,556.8200,557.1650,2212076
2025-07-09 09:45:00,556.3100,557.2953,556.3100,557.0400,2303808
2025-07-09 09:30:00,554.4800,556.5400,554.4700,556.2950,2833823
2025-07-09 09:15:00,554.0100,554.5000,553.9000,554.4500,89596
2025-07-09 09:00:00,553.4400,554.0600,553.3500,554.0201,54140
2025-07-09 08:45:00,553.6650,553.9100,550.9500,553.4150,92621
2025-07-09 08:30:00,553.6000,553.6700,553.4100,553.6500,37298
2025-07-09 08:15:00,553.6200,553.7200,553.3700,553.5850,37781
2025-07-09 08:00:00,553.5300,553.7900,551.3200,553.6699,80882
2025-07-09 07:45:00,553.4900,553.8400,553.4200,553.5400,16453
2025-07-09 07:30:00,553.4600,553.8300,553.3500,553.4200,21391
2025-07-09 07:15:00,553.4800,553.5700,553.2700,553.4600,11215
2025-07-09 07:00:00,553.1700,553.4700,553.0800,553.4300,12031
2025-07-09 06:45:00,553.1000,553.2900,553.0100,553.1400,14748
2025-07-09 06:30:00,553.0800,553.4200,553.0400,553.1300,15919
2025-07-09 06:15:00,553.1900,553.2800,553.0000,553.0600,5866
2025-07-09 06:00:00,553.1400,553.2000,552.8400,553.2000,8995
2025-07-09 05:45:00,553.5300,553.5300,553.1200,553.1600,11051
2025-07-09 05:30:00,553.3700,553.5700,553.1800,553.5100,13030
2025-07-09 05:15:00,552.8500,553.4200,552.8200,553.3700,21106
2025-07-09 05:00:00,552.4100,552.8400,552.3900,552.8000,6310
2025-07-09 04:45:00,552.4400,552.4400,552.2400,552.3900,3051
2025-07-09 04:30:00,552.3800,552.6000,552.3700,552.4600,5663
2025-07-09 04:15:00,552.3100,552.4900,552.0700,552.3900,10843
2025-07-09 04:00:00,552.3300,552.6100,552.2300,552.3500,24608
2025-07-08 19:45:00,552.6200,552.6800,552.4200,552.5500,25705
2025-07-08 19:30:00,552.6300,552.6800,552.4700,552.6600,9962
2025-07-08 19:15:00,552.9100,553.0595,552.4550,552.6450,25246
2025-07-08 19:00:00,552.8200,552.9800,552.7300,552.8950,3512
2025-07-08 18:45:00,552.6700,552.8400,552.5600,552.7800,6482
2025-07-08 18:30:00,552.7600,552.7800,552.5500,552.6900,2927
2025-07-08 18:15:00,552.7050,552.8400,552.6450,552.7600,4770
2025-07-08 18:00:00,552.5615,553.0000,552.5615,552.7300,9913
2025-07-08 17:45:00,552.5750,552.6800,552.5000,552.6200,3512
2025-07-08 17:30:00,552.5000,552.7400,552.5000,552.5750,2953
2025-07-08 17:15:00,552.5550,552.6100,552.3400,552.5500,120008
2025-07-08 17:00:00,552.5200,552.7500,552.3400,552.5550,75134
2025-07-08 16:45:00,552.5950,552.6200,521.7424,552.5800,16983
2025-07-08 16:30:00,552.6800,552.6900,552.3400,552.6100,30637
2025-07-08 16:15:00,552.3400,552.7100,552.3400,552.6800,80608
2025-07-08 16:00:00,552.3200,552.6600,552.1700,552.5900,2201682
2025-07-08 15:45:00,551.9500,552.5800,551.9000,552.3200,2858959
2025-07-08 15:30:00,552.2700,552.3200,551.8200,551.9600,1453924
2025-07-08 15:15:00,552.0350,552.3401,551.8400,552.2650,1068929
2025-07-08 15:00:00,552.4800,552.5200,551.8200,552.0350,1543365
2025-07-08 14:45:00,552.4401,552.7550,552.2908,552.4899,787827
2025-07-08 14:30:00,552.8200,552.9900,552.4100,552.4300,893471
2025-07-08 14:15:00,553.2800,553.3900,552.7450,552.8050,807747
2025-07-08 14:00:00,553.3200,553.5000,553.1000,553.2750,913377
2025-07-08 13:45:00,552.5400,553.4300,552.4700,553.3400,784844
2025-07-08 13:30:00,552.8400,553.0900,552.3200,552.5400,798607
2025-07-08 13:15:00,552.6800,552.8800,551.9500,552.8150,781922
2025-07-08 13:00:00,552.9000,553.1500,552.4900,552.6600,713184
2025-07-08 12:45:00,553.0000,553.3000,552.7800,552.9100,870785
2025-07-08 12:30:00,553.6500,553.7700,552.2400,552.9880,1658735
2025-07-08 12:15:00,552.9650,554.0100,552.7500,553.6400,1057062
2025-07-08 12:00:00,552.6600,553.0400,552.5000,552.9648,758144
2025-07-08 11:45:00,552.0600,552.7800,552.0300,552.6500,855126
2025-07-08 11:30:00,551.7700,552.3200,551.7700,552.0700,874842
2025-07-08 11:15:00,552.5400,552.6200,551.4351,551.7700,1252042
2025-07-08 11:00:00,552.3500,552.8600,552.1400,552.5350,1257607
2025-07-08 10:45:00,553.1600,553.2100,551.1000,552.3591,2181978
2025-07-08 10:30:00,551.9000,553.5300,551.8500,553.1299,2093834
2025-07-08 10:15:00,552.0900,552.4000,551.2900,551.9000,1207312
2025-07-08 10:00:00,552.1100,553.3699,551.7300,552.0950,1816352
2025-07-08 09:45:00,552.6700,553.1100,552.1000,552.1100,1817564
2025-07-08 09:30:00,553.3800,553.5500,552.2900,552.6700,2024484
2025-07-08 09:15:00,553.6800,553.7000,553.2710,553.3200,70864
2025-07-08 09:00:00,553.4500,553.8400,553.3900,553.7300,61649
2025-07-08 08:45:00,553.0000,553.4800,552.0300,553.4700,52899
2025-07-08 08:30:00,553.5599,553.5599,445.4500,553.0400,79092
2025-07-08 08:15:00,553.6600,553.8300,553.5200,553.5700,40129
2025-07-08 08:00:00,554.0288,554.2600,551.6160,553.7000,112134
2025-07-08 07:45:00,553.8100,553.8600,553.4000,553.5000,10326
2025-07-08 07:30:00,553.6500,553.8400,553.5200,553.8400,14367
2025-07-08 07:15:00,553.5700,553.7400,553.3900,553.6300,14519
2025-07-08 07:00:00,553.6000,553.6200,553.2510,553.5800,23725
2025-07-08 06:45:00,553.7900,553.8100,553.4700,553.6100,13010
2025-07-08 06:30:00,553.1000,553.7800,553.0200,553.7700,37656
2025-07-08 06:15:00,552.9100,553.2100,552.9100,553.1100,10326
2025-07-08 06:00:00,553.1700,553.2000,552.6900,552.8900,17479
2025-07-08 05:45:00,553.5000,553.5300,552.9800,553.1600,15460
2025-07-08 05:30:00,553.5500,553.6000,553.3300,553.5000,7407
2025-07-08 05:15:00,553.6300,553.7600,553.4600,553.5300,8728
2025-07-08 05:00:00,553.6200,553.8000,553.2400,553.6300,14613
2025-07-08 04:45:00,553.5000,553.7200,553.3500,553.6700,10410
2025-07-08 04:30:00,553.6500,553.8100,553.4500,553.5200,18379
2025-07-08 04:15:00,553.6900,553.8000,553.5000,553.6700,11876
2025-07-08 04:00:00,553.1200,554.0500,553.1200,553.6500,37010
2025-07-07 19:45:00,551.6500,551.9200,551.6350,551.8000,21280
2025-07-07 19:30:00,551.5899,551.8500,551.5100,551.6250,11598
2025-07-07 19:15:00,551.5100,551.7500,551.4000,551.5700,13549
2025-07-07 19:00:00,551.1900,551.5800,551.1000,551.5099,8166
2025-07-07 18:45:00,551.2100,551.2600,550.9500,551.2200,17130
2025-07-07 18:30:00,550.5400,551.3500,550.5200,551.2100,23004
2025-07-07 18:15:00,550.8605,550.8800,550.3100,550.5250,63891
2025-07-07 18:00:00,550.8400,551.2500,550.7900,550.8600,60282
2025-07-07 17:45:00,550.7850,550.9800,487.1613,550.8000,7058
2025-07-07 17:30:00,550.7000,561.2140,550.6000,550.7500,6548
2025-07-07 17:15:00,550.6900,550.7500,550.6100,550.6600,17592
2025-07-07 17:00:00,550.9700,552.0300,550.6700,550.6890,260370
2025-07-07 16:45:00,550.6397,584.3514,484.4200,550.9700,349910
2025-07-07 16:30:00,551.4400,551.4800,550.6200,550.6350,58232
2025-07-07 16:15:00,552.0300,552.0300,551.3150,551.4500,72596
2025-07-07 16:00:00,552.0400,552.2528,551.2600,551.4500,1938907
2025-07-07 15:45:00,551.3300,552.2300,551.0300,552.0600,3434610
2025-07-07 15:30:00,551.1700,551.5600,551.0500,551.3250,1071774
2025-07-07 15:15:00,551.3999,551.5399,551.1500,551.1700,1140909
2025-07-07 15:00:00,551.8700,552.1701,551.0900,551.3950,1643715
2025-07-07 14:45:00,551.1300,551.9500,551.0500,551.8700,1638716
2025-07-07 14:30:00,549.7100,551.2450,549.5800,551.1250,1779018
2025-07-07 14:15:00,551.6700,551.7100,549.6500,549.7100,2530489
2025-07-07 14:00:00,551.7450,551.9900,551.5800,551.6900,854385
2025-07-07 13:45:00,551.4800,551.8700,551.3000,551.7600,708639
2025-07-07 13:30:00,551.7650,553.1000,551.1600,551.4900,1839799
2025-07-07 13:15:00,552.2700,552.6800,551.6200,551.7600,1084083
2025-07-07 13:00:00,551.7100,552.3550,551.4601,552.2800,1532861
2025-07-07 12:45:00,552.2200,552.3500,551.2600,551.7200,1258199
2025-07-07 12:30:00,552.2500,553.0200,551.9900,552.2200,1744959
2025-07-07 12:15:00,553.6050,553.9400,550.8281,552.2700,4166395
2025-07-07 12:00:00,553.1200,553.8200,553.1101,553.6100,1048904
2025-07-07 11:45:00,552.7800,553.3300,552.4200,553.1300,910224
2025-07-07 11:30:00,552.9400,553.1700,552.7200,552.7952,940942
2025-07-07 11:15:00,552.5500,553.0100,552.4100,552.9500,821168
2025-07-07 11:00:00,552.3300,552.8400,552.1900,552.5600,987532
2025-07-07 10:45:00,552.9200,553.2800,552.0500,552.3350,1915791
2025-07-07 10:30:00,553.3700,553.4100,552.8800,552.9400,983979
2025-07-07 10:15:00,552.9050,553.9700,552.6400,553.3800,1190626
2025-07-07 10:00:00,553.5900,553.8200,552.5600,552.9100,1526061
2025-07-07 09:45:00,553.6500,554.3400,553.0100,553.6000,1816538
2025-07-07 09:30:00,553.5200,554.2700,552.4900,553.6508,3126441
2025-07-07 09:15:00,553.4900,553.6500,553.1500,553.4850,89670
2025-07-07 09:00:00,553.7000,553.7900,553.3800,553.5000,76547
2025-07-07 08:45:00,554.1000,556.2200,553.5300,553.7200,106526
2025-07-07 08:30:00,554.5400,554.6900,554.0800,554.0800,58719
2025-07-07 08:15:00,554.7550,554.9400,554.3600,554.5300,61643
2025-07-07 08:00:00,553.5688,556.6370,552.7400,554.7450,174184
2025-07-07 07:45:00,554.2200,554.5000,554.2000,554.4600,17663
2025-07-07 07:30:00,554.3300,554.4100,554.0000,554.2200,41944
2025-07-07 07:15:00,553.8600,554.3500,553.8000,554.3300,38326
2025-07-07 07:00:00,553.9500,554.1300,553.8300,553.8700,54904
2025-07-07 06:45:00,554.2500,554.2600,553.8900,553.9300,12719
2025-07-07 06:30:00,554.3800,554.5600,554.1300,554.2500,15425
2025-07-07 06:15:00,554.4600,554.4600,554.1000,554.3500,19787
2025-07-07 06:00:00,554.0400,554.5000,553.9000,554.4600,18552
2025-07-07 05:45:00,553.4600,554.0400,553.3200,554.0200,21417
2025-07-07 05:30:00,552.9900,553.5900,552.9500,553.4400,20119
2025-07-07 05:15:00,552.9100,553.0600,552.8900,552.9600,22880
2025-07-07 05:00:00,552.7400,553.0200,552.6400,552.9300,17242
2025-07-07 04:45:00,553.0400,553.1100,552.7500,552.7500,20918
2025-07-07 04:30:00,552.9300,553.1300,552.8500,553.0100,17363
2025-07-07 04:15:00,552.9500,553.2800,552.8200,552.9300,25109
2025-07-07 04:00:00,553.8800,554.0000,552.6700,552.9700,34731
2025-07-03 16:45:00,555.7700,555.8600,555.6700,555.8100,27912
2025-07-03 16:30:00,555.7650,555.8200,555.6900,555.7800,29447
2025-07-03 16:15:00,555.7600,556.2200,555.7300,555.7500,3011
2025-07-03 16:00:00,555.8800,555.9100,555.7300,555.8300,13658
2025-07-03 15:45:00,555.8850,555.9300,555.7000,555.8300,24136
2025-07-03 15:30:00,555.8690,555.9300,555.8300,555.8800,14364
2025-07-03 15:15:00,555.8000,555.9400,555.7850,555.8500,20842
2025-07-03 15:00:00,555.7900,555.8100,555.7300,555.7850,13171
2025-07-03 14:45:00,555.7900,555.8000,555.7000,555.7900,23720
2025-07-03 14:30:00,555.8000,555.8400,555.7500,555.8000,35393
2025-07-03 14:15:00,555.8300,555.8500,555.7500,555.7902,19387
2025-07-03 14:00:00,555.7800,556.2200,555.7600,555.8300,55564
2025-07-03 13:45:00,555.8100,555.9000,555.7500,555.7750,25365
2025-07-03 13:30:00,555.9490,555.9600,555.6600,555.8050,53190
2025-07-03 13:15:00,556.2200,556.2200,550.9704,555.9500,252480
2025-07-03 13:00:00,556.2000,556.5932,555.6000,556.2400,1421108
2025-07-03 12:45:00,556.6000,556.6050,555.4800,556.1600,2849570
2025-07-03 12:30:00,556.5660,556.7900,556.3700,556.5900,1430806
2025-07-03 12:15:00,556.9400,556.9416,556.5186,556.5700,745621
2025-07-03 12:00:00,556.7891,557.0500,556.7700,556.9400,1133530
2025-07-03 11:45:00,557.1000,557.1100,556.6700,556.7800,1328488
2025-07-03 11:30:00,556.4100,557.2000,556.3400,557.1199,904591
2025-07-03 11:15:00,556.4500,556.6700,556.1600,556.4200,1192477
2025-07-03 11:00:00,555.9200,556.4550,555.9050,556.4500,1336843
2025-07-03 10:45:00,555.8908,556.0800,555.6499,555.9107,1449607
2025-07-03 10:30:00,556.2000,556.3700,555.8000,555.8900,1427986
2025-07-03 10:15:00,556.0300,556.3300,555.7200,556.2000,1389311
2025-07-03 10:00:00,554.7400,556.2900,554.7400,556.0150,2455949
2025-07-03 09:45:00,553.8600,554.9400,553.5800,554.7500,2573556
2025-07-03 09:30:00,553.1800,554.5100,553.1800,553.8600,3335377
2025-07-03 09:15:00,552.6900,553.3800,552.5300,553.2300,107205
2025-07-03 09:00:00,552.2700,553.0700,552.2300,552.6900,113871
2025-07-03 08:45:00,552.4500,552.5000,546.2900,552.2300,93031
2025-07-03 08:30:00,551.5300,553.2600,551.5300,552.4200,390720
2025-07-03 08:15:00,551.5400,551.6200,550.8000,551.5200,33631
2025-07-03 08:00:00,552.0088,552.4500,550.3870,551.5700,87484
2025-07-03 07:45:00,551.5600,551.5900,551.3000,551.5400,22973
2025-07-03 07:30:00,551.6400,551.6800,551.3100,551.5300,31471
2025-07-03 07:15:00,551.4900,551.6800,551.3700,551.6200,16519
2025-07-03 07:00:00,551.3500,551.6300,551.2500,551.5200,18959
2025-07-03 06:45:00,551.2500,551.4000,551.2300,551.3700,6753
2025-07-03 06:30:00,551.0200,551.2900,550.9900,551.2300,11437
2025-07-03 06:15:00,551.0200,551.1500,550.8000,551.0000,10343
2025-07-03 06:00:00,551.2600,551.3800,550.8800,551.0400,25671
2025-07-03 05:45:00,551.4100,551.6600,551.2000,551.2400,10628
2025-07-03 05:30:00,551.7200,551.7500,551.3200,551.3800,15999
2025-07-03 05:15:00,551.3300,551.7900,551.3000,551.7300,17158
2025-07-03 05:00:00,551.3500,551.5900,551.2200,551.3400,10611
2025-07-03 04:45:00,551.8000,551.8400,551.3600,551.3700,14363
2025-07-03 04:30:00,552.0900,552.1400,551.7400,551.7500,11118
2025-07-03 04:15:00,552.1700,552.1900,551.9100,552.0200,10317
2025-07-03 04:00:00,551.6200,552.2700,551.6200,552.1300,18610
2025-07-02 19:45:00,550.9000,550.9500,550.8300,550.9200,13606
2025-07-02 19:30:00,550.8901,550.9350,550.8000,550.8900,23373
2025-07-02 19:15:00,550.8500,550.9200,550.8300,550.8900,13692
2025-07-02 19:00:00,550.8500,550.9300,550.7600,550.8650,2599
2025-07-02 18:45:00,550.8000,550.9000,550.7600,550.8400,7054
2025-07-02 18:30:00,550.5500,550.8388,550.5100,550.7950,8105
2025-07-02 18:15:00,550.5600,550.7000,550.4600,550.5700,12736
2025-07-02 18:00:00,550.8700,551.1500,550.5500,550.5900,38922
2025-07-02 17:45:00,550.9700,550.9799,524.7650,550.8701,12042
2025-07-02 17:30:00,550.9900,551.1000,550.9001,550.9785,25953
2025-07-02 17:15:00,550.9884,551.0400,524.1015,550.9500,10305
2025-07-02 17:00:00,550.9630,551.0400,550.8000,550.9700,23867
2025-07-02 16:45:00,550.8900,551.1200,524.1015,550.9950,198087
2025-07-02 16:30:00,550.5800,550.9400,550.5600,550.8901,96970
2025-07-02 16:15:00,550.8000,550.8000,550.4000,550.5800,160853
2025-07-02 16:00:00,550.8200,550.9215,546.9377,550.5800,2793457
2025-07-02 15:45:00,550.3000,551.0000,550.0600,550.8100,3687107
2025-07-02 15:30:00,550.2850,550.4700,550.0300,550.2900,1053250
2025-07-02 15:15:00,550.3800,550.5300,550.1600,550.2900,1217048
2025-07-02 15:00:00,550.3900,550.9100,550.2800,550.3800,989905
2025-07-02 14:45:00,550.4200,550.5800,550.1700,550.3800,609533
2025-07-02 14:30:00,550.3700,550.5900,550.3000,550.4100,630970
2025-07-02 14:15:00,550.4000,550.5490,550.1250,550.3700,635646
2025-07-02 14:00:00,550.3100,550.5400,550.0200,550.3900,767383
2025-07-02 13:45:00,550.0100,550.5400,549.9100,550.2900,672344
2025-07-02 13:30:00,550.1200,550.4100,549.8900,550.0000,622258
2025-07-02 13:15:00,550.3600,550.4500,549.9100,550.1200,892891
2025-07-02 13:00:00,550.6400,550.8000,550.3299,550.3600,743448
2025-07-02 12:45:00,550.5400,550.6700,550.3300,550.6400,594454
2025-07-02 12:30:00,550.4200,550.7500,550.1800,550.5300,870922
2025-07-02 12:15:00,550.1500,550.7000,550.0700,550.4200,882110
2025-07-02 12:00:00,550.1700,550.5300,549.8800,550.1500,785660
2025-07-02 11:45:00,549.8500,550.3100,549.7300,550.1800,829884
2025-07-02 11:30:00,549.7400,550.2994,549.6600,549.8550,1086032
2025-07-02 11:15:00,550.1600,550.4000,549.6200,549.7300,1656113
2025-07-02 11:00:00,549.9400,550.7599,549.9400,550.1700,1799780
2025-07-02 10:45:00,549.1000,550.4112,549.1000,549.9300,1558080
2025-07-02 10:30:00,549.4500,550.0100,549.0300,549.1295,1935603
2025-07-02 10:15:00,548.6100,549.6400,548.5900,549.4650,1677827
2025-07-02 10:00:00,547.4100,548.7400,547.3400,548.6250,1658935
2025-07-02 09:45:00,547.1200,547.9580,547.1200,547.4200,1713021
2025-07-02 09:30:00,546.1600,547.4400,546.1200,547.1393,3027981
2025-07-02 09:15:00,546.0000,546.2000,545.6300,546.1000,136632
2025-07-02 09:00:00,545.2400,546.2500,544.9400,545.9900,200463
2025-07-02 08:45:00,544.7950,546.9900,544.6900,545.2800,112788
2025-07-02 08:30:00,545.7900,548.9400,544.5100,544.8200,165230
2025-07-02 08:15:00,546.9900,546.9900,545.4000,545.7900,167025
2025-07-02 08:00:00,547.7788,549.2000,545.7700,546.7300,124667
2025-07-02 07:45:00,546.9800,547.0100,545.8200,546.3800,55289
2025-07-02 07:30:00,547.1700,547.3500,546.8200,546.9900,20831
2025-07-02 07:15:00,546.9900,547.2700,546.9900,547.2200,10370
2025-07-02 07:00:00,547.0000,547.1800,546.8100,546.9800,48213
2025-07-02 06:45:00,546.9000,547.0000,546.6000,546.9500,29667
2025-07-02 06:30:00,547.1100,547.4000,546.7900,546.9100,28024
2025-07-02 06:15:00,547.5500,547.5500,547.1100,547.1500,5169
2025-07-02 06:00:00,547.5800,547.7000,547.4000,547.5000,10431
2025-07-02 05:45:00,547.5800,547.6500,547.4800,547.6100,6260
2025-07-02 05:30:00,547.5500,547.6600,547.2000,547.5900,22715
2025-07-02 05:15:00,547.3200,547.5700,547.1500,547.4700,8332
2025-07-02 05:00:00,547.4800,547.6000,547.2200,547.2900,16427
2025-07-02 04:45:00,547.4800,547.7600,547.4400,547.4800,8377
2025-07-02 04:30:00,547.7300,547.7300,547.3500,547.5000,35550
2025-07-02 04:15:00,548.0300,548.1900,547.6100,547.8000,18155
2025-07-02 04:00:00,547.8700,548.1800,547.0000,548.0000,20772
